,OBJECTID,REPDIST,PREC,APREC,BUREAU,BASICCAR,TOOLTIP
0,1,1901,19,MISSION,VALLEY BUREAU,19A1,Bureau: VALLEY BUREAU\nDistrict: 1901\nDivision: MISSION
1,2,1705,17,DEVONSHIRE,VALLEY BUREAU,17A35,Bureau: VALLEY BUREAU\nDistrict: 1705\nDivision: DEVONSHIRE
2,3,1902,19,MISSION,VALLEY BUREAU,19A7,Bureau: VALLEY BUREAU\nDistrict: 1902\nDivision: MISSION
3,4,1903,19,MISSION,VALLEY BUREAU,19A7,Bureau: VALLEY BUREAU\nDistrict: 1903\nDivision: MISSION
4,5,1904,19,MISSION,VALLEY BUREAU,19A7,Bureau: VALLEY BUREAU\nDistrict: 1904\nDivision: MISSION
5,6,1906,19,MISSION,VALLEY BUREAU,19A7,Bureau: VALLEY BUREAU\nDistrict: 1906\nDivision: MISSION
6,7,1909,19,MISSION,VALLEY BUREAU,19A7,Bureau: VALLEY BUREAU\nDistrict: 1909\nDivision: MISSION
7,8,1912,19,MISSION,VALLEY BUREAU,19A1,Bureau: VALLEY BUREAU\nDistrict: 1912\nDivision: MISSION
8,9,1908,19,MISSION,VALLEY BUREAU,19A7,Bureau: VALLEY BUREAU\nDistrict: 1908\nDivision: MISSION
9,10,1905,19,MISSION,VALLEY BUREAU,19A7,Bureau: VALLEY BUREAU\nDistrict: 1905\nDivision: MISSION
10,11,1708,17,DEVONSHIRE,VALLEY BUREAU,17A49,Bureau: VALLEY BUREAU\nDistrict: 1708\nDivision: DEVONSHIRE
11,12,1913,19,MISSION,VALLEY BUREAU,19A1,Bureau: VALLEY BUREAU\nDistrict: 1913\nDivision: MISSION
12,13,1917,19,MISSION,VALLEY BUREAU,19A7,Bureau: VALLEY BUREAU\nDistrict: 1917\nDivision: MISSION
13,14,1907,19,MISSION,VALLEY BUREAU,19A7,Bureau: VALLEY BUREAU\nDistrict: 1907\nDivision: MISSION
14,15,1911,19,MISSION,VALLEY BUREAU,19A1,Bureau: VALLEY BUREAU\nDistrict: 1911\nDivision: MISSION
15,16,1916,19,MISSION,VALLEY BUREAU,19A7,Bureau: VALLEY BUREAU\nDistrict: 1916\nDivision: MISSION
16,17,1918,19,MISSION,VALLEY BUREAU,19A7,Bureau: VALLEY BUREAU\nDistrict: 1918\nDivision: MISSION
17,18,1921,19,MISSION,VALLEY BUREAU,19A1,Bureau: VALLEY BUREAU\nDistrict: 1921\nDivision: MISSION
18,19,1915,19,MISSION,VALLEY BUREAU,19A1,Bureau: VALLEY BUREAU\nDistrict: 1915\nDivision: MISSION
19,20,1919,19,MISSION,VALLEY BUREAU,19A7,Bureau: VALLEY BUREAU\nDistrict: 1919\nDivision: MISSION
20,21,1701,17,DEVONSHIRE,VALLEY BUREAU,17A23,Bureau: VALLEY BUREAU\nDistrict: 1701\nDivision: DEVONSHIRE
21,22,1707,17,DEVONSHIRE,VALLEY BUREAU,17A35,Bureau: VALLEY BUREAU\nDistrict: 1707\nDivision: DEVONSHIRE
22,23,1925,19,MISSION,VALLEY BUREAU,19A1,Bureau: VALLEY BUREAU\nDistrict: 1925\nDivision: MISSION
23,24,1715,17,DEVONSHIRE,VALLEY BUREAU,17A35,Bureau: VALLEY BUREAU\nDistrict: 1715\nDivision: DEVONSHIRE
24,25,1924,19,MISSION,VALLEY BUREAU,19A1,Bureau: VALLEY BUREAU\nDistrict: 1924\nDivision: MISSION
25,26,1703,17,DEVONSHIRE,VALLEY BUREAU,17A35,Bureau: VALLEY BUREAU\nDistrict: 1703\nDivision: DEVONSHIRE
26,27,1603,16,FOOTHILL,VALLEY BUREAU,16A35,Bureau: VALLEY BUREAU\nDistrict: 1603\nDivision: FOOTHILL
27,28,1714,17,DEVONSHIRE,VALLEY BUREAU,17A35,Bureau: VALLEY BUREAU\nDistrict: 1714\nDivision: DEVONSHIRE
28,29,1716,17,DEVONSHIRE,VALLEY BUREAU,17A35,Bureau: VALLEY BUREAU\nDistrict: 1716\nDivision: DEVONSHIRE
29,30,1601,16,FOOTHILL,VALLEY BUREAU,16A11,Bureau: VALLEY BUREAU\nDistrict: 1601\nDivision: FOOTHILL
30,31,1618,16,FOOTHILL,VALLEY BUREAU,16A35,Bureau: VALLEY BUREAU\nDistrict: 1618\nDivision: FOOTHILL
31,32,1931,19,MISSION,VALLEY BUREAU,19A43,Bureau: VALLEY BUREAU\nDistrict: 1931\nDivision: MISSION
32,33,1619,16,FOOTHILL,VALLEY BUREAU,16A59,Bureau: VALLEY BUREAU\nDistrict: 1619\nDivision: FOOTHILL
33,34,1712,17,DEVONSHIRE,VALLEY BUREAU,17A35,Bureau: VALLEY BUREAU\nDistrict: 1712\nDivision: DEVONSHIRE
34,35,1602,16,FOOTHILL,VALLEY BUREAU,16A11,Bureau: VALLEY BUREAU\nDistrict: 1602\nDivision: FOOTHILL
35,36,1713,17,DEVONSHIRE,VALLEY BUREAU,17A35,Bureau: VALLEY BUREAU\nDistrict: 1713\nDivision: DEVONSHIRE
36,37,1605,16,FOOTHILL,VALLEY BUREAU,16A35,Bureau: VALLEY BUREAU\nDistrict: 1605\nDivision: FOOTHILL
37,38,1709,17,DEVONSHIRE,VALLEY BUREAU,17A49,Bureau: VALLEY BUREAU\nDistrict: 1709\nDivision: DEVONSHIRE
38,39,1606,16,FOOTHILL,VALLEY BUREAU,16A35,Bureau: VALLEY BUREAU\nDistrict: 1606\nDivision: FOOTHILL
39,40,1617,16,FOOTHILL,VALLEY BUREAU,16A35,Bureau: VALLEY BUREAU\nDistrict: 1617\nDivision: FOOTHILL
40,41,1611,16,FOOTHILL,VALLEY BUREAU,16A11,Bureau: VALLEY BUREAU\nDistrict: 1611\nDivision: FOOTHILL
41,42,1608,16,FOOTHILL,VALLEY BUREAU,16A35,Bureau: VALLEY BUREAU\nDistrict: 1608\nDivision: FOOTHILL
42,43,1614,16,FOOTHILL,VALLEY BUREAU,16A35,Bureau: VALLEY BUREAU\nDistrict: 1614\nDivision: FOOTHILL
43,44,1936,19,MISSION,VALLEY BUREAU,19A43,Bureau: VALLEY BUREAU\nDistrict: 1936\nDivision: MISSION
44,45,1613,16,FOOTHILL,VALLEY BUREAU,16A23,Bureau: VALLEY BUREAU\nDistrict: 1613\nDivision: FOOTHILL
45,46,1612,16,FOOTHILL,VALLEY BUREAU,16A11,Bureau: VALLEY BUREAU\nDistrict: 1612\nDivision: FOOTHILL
46,47,1729,17,DEVONSHIRE,VALLEY BUREAU,17A35,Bureau: VALLEY BUREAU\nDistrict: 1729\nDivision: DEVONSHIRE
47,48,1717,17,DEVONSHIRE,VALLEY BUREAU,17A49,Bureau: VALLEY BUREAU\nDistrict: 1717\nDivision: DEVONSHIRE
48,49,1935,19,MISSION,VALLEY BUREAU,19A43,Bureau: VALLEY BUREAU\nDistrict: 1935\nDivision: MISSION
49,50,1944,19,MISSION,VALLEY BUREAU,19A43,Bureau: VALLEY BUREAU\nDistrict: 1944\nDivision: MISSION
50,51,1718,17,DEVONSHIRE,VALLEY BUREAU,17A49,Bureau: VALLEY BUREAU\nDistrict: 1718\nDivision: DEVONSHIRE
51,52,1719,17,DEVONSHIRE,VALLEY BUREAU,17A49,Bureau: VALLEY BUREAU\nDistrict: 1719\nDivision: DEVONSHIRE
52,53,1934,19,MISSION,VALLEY BUREAU,19A43,Bureau: VALLEY BUREAU\nDistrict: 1934\nDivision: MISSION
53,54,1615,16,FOOTHILL,VALLEY BUREAU,16A35,Bureau: VALLEY BUREAU\nDistrict: 1615\nDivision: FOOTHILL
54,55,1721,17,DEVONSHIRE,VALLEY BUREAU,17A23,Bureau: VALLEY BUREAU\nDistrict: 1721\nDivision: DEVONSHIRE
55,56,1728,17,DEVONSHIRE,VALLEY BUREAU,17A35,Bureau: VALLEY BUREAU\nDistrict: 1728\nDivision: DEVONSHIRE
56,57,1737,17,DEVONSHIRE,VALLEY BUREAU,17A35,Bureau: VALLEY BUREAU\nDistrict: 1737\nDivision: DEVONSHIRE
57,58,1633,16,FOOTHILL,VALLEY BUREAU,16A23,Bureau: VALLEY BUREAU\nDistrict: 1633\nDivision: FOOTHILL
58,59,1622,16,FOOTHILL,VALLEY BUREAU,16A11,Bureau: VALLEY BUREAU\nDistrict: 1622\nDivision: FOOTHILL
59,60,1634,16,FOOTHILL,VALLEY BUREAU,16A35,Bureau: VALLEY BUREAU\nDistrict: 1634\nDivision: FOOTHILL
60,61,1727,17,DEVONSHIRE,VALLEY BUREAU,17A35,Bureau: VALLEY BUREAU\nDistrict: 1727\nDivision: DEVONSHIRE
61,62,1635,16,FOOTHILL,VALLEY BUREAU,16A35,Bureau: VALLEY BUREAU\nDistrict: 1635\nDivision: FOOTHILL
62,63,1723,17,DEVONSHIRE,VALLEY BUREAU,17A23,Bureau: VALLEY BUREAU\nDistrict: 1723\nDivision: DEVONSHIRE
63,64,1943,19,MISSION,VALLEY BUREAU,19A43,Bureau: VALLEY BUREAU\nDistrict: 1943\nDivision: MISSION
64,65,1725,17,DEVONSHIRE,VALLEY BUREAU,17A23,Bureau: VALLEY BUREAU\nDistrict: 1725\nDivision: DEVONSHIRE
65,66,1636,16,FOOTHILL,VALLEY BUREAU,16A35,Bureau: VALLEY BUREAU\nDistrict: 1636\nDivision: FOOTHILL
66,67,1623,16,FOOTHILL,VALLEY BUREAU,16A23,Bureau: VALLEY BUREAU\nDistrict: 1623\nDivision: FOOTHILL
67,68,1735,17,DEVONSHIRE,VALLEY BUREAU,17A35,Bureau: VALLEY BUREAU\nDistrict: 1735\nDivision: DEVONSHIRE
68,69,1941,19,MISSION,VALLEY BUREAU,19A43,Bureau: VALLEY BUREAU\nDistrict: 1941\nDivision: MISSION
69,70,1738,17,DEVONSHIRE,VALLEY BUREAU,17A49,Bureau: VALLEY BUREAU\nDistrict: 1738\nDivision: DEVONSHIRE
70,71,1645,16,FOOTHILL,VALLEY BUREAU,16A23,Bureau: VALLEY BUREAU\nDistrict: 1645\nDivision: FOOTHILL
71,72,1739,17,DEVONSHIRE,VALLEY BUREAU,17A49,Bureau: VALLEY BUREAU\nDistrict: 1739\nDivision: DEVONSHIRE
72,73,1621,16,FOOTHILL,VALLEY BUREAU,16A11,Bureau: VALLEY BUREAU\nDistrict: 1621\nDivision: FOOTHILL
73,74,1654,16,FOOTHILL,VALLEY BUREAU,16A23,Bureau: VALLEY BUREAU\nDistrict: 1654\nDivision: FOOTHILL
74,75,1945,19,MISSION,VALLEY BUREAU,19A43,Bureau: VALLEY BUREAU\nDistrict: 1945\nDivision: MISSION
75,76,1637,16,FOOTHILL,VALLEY BUREAU,16A35,Bureau: VALLEY BUREAU\nDistrict: 1637\nDivision: FOOTHILL
76,77,1643,16,FOOTHILL,VALLEY BUREAU,16A23,Bureau: VALLEY BUREAU\nDistrict: 1643\nDivision: FOOTHILL
77,78,1655,16,FOOTHILL,VALLEY BUREAU,16A35,Bureau: VALLEY BUREAU\nDistrict: 1655\nDivision: FOOTHILL
78,79,1745,17,DEVONSHIRE,VALLEY BUREAU,17A49,Bureau: VALLEY BUREAU\nDistrict: 1745\nDivision: DEVONSHIRE
79,80,1722,17,DEVONSHIRE,VALLEY BUREAU,17A23,Bureau: VALLEY BUREAU\nDistrict: 1722\nDivision: DEVONSHIRE
80,81,1747,17,DEVONSHIRE,VALLEY BUREAU,17A49,Bureau: VALLEY BUREAU\nDistrict: 1747\nDivision: DEVONSHIRE
81,82,1743,17,DEVONSHIRE,VALLEY BUREAU,17A35,Bureau: VALLEY BUREAU\nDistrict: 1743\nDivision: DEVONSHIRE
82,83,1749,17,DEVONSHIRE,VALLEY BUREAU,17A49,Bureau: VALLEY BUREAU\nDistrict: 1749\nDivision: DEVONSHIRE
83,84,1959,19,MISSION,VALLEY BUREAU,19A79,Bureau: VALLEY BUREAU\nDistrict: 1959\nDivision: MISSION
84,85,1954,19,MISSION,VALLEY BUREAU,19A43,Bureau: VALLEY BUREAU\nDistrict: 1954\nDivision: MISSION
85,86,1951,19,MISSION,VALLEY BUREAU,19A43,Bureau: VALLEY BUREAU\nDistrict: 1951\nDivision: MISSION
86,87,1955,19,MISSION,VALLEY BUREAU,19A43,Bureau: VALLEY BUREAU\nDistrict: 1955\nDivision: MISSION
87,88,1642,16,FOOTHILL,VALLEY BUREAU,16A23,Bureau: VALLEY BUREAU\nDistrict: 1642\nDivision: FOOTHILL
88,89,1958,19,MISSION,VALLEY BUREAU,19A79,Bureau: VALLEY BUREAU\nDistrict: 1958\nDivision: MISSION
89,90,1638,16,FOOTHILL,VALLEY BUREAU,16A59,Bureau: VALLEY BUREAU\nDistrict: 1638\nDivision: FOOTHILL
90,91,1665,16,FOOTHILL,VALLEY BUREAU,16A77,Bureau: VALLEY BUREAU\nDistrict: 1665\nDivision: FOOTHILL
91,92,1639,16,FOOTHILL,VALLEY BUREAU,16A59,Bureau: VALLEY BUREAU\nDistrict: 1639\nDivision: FOOTHILL
92,93,1641,16,FOOTHILL,VALLEY BUREAU,16A23,Bureau: VALLEY BUREAU\nDistrict: 1641\nDivision: FOOTHILL
93,94,1656,16,FOOTHILL,VALLEY BUREAU,16A35,Bureau: VALLEY BUREAU\nDistrict: 1656\nDivision: FOOTHILL
94,95,1659,16,FOOTHILL,VALLEY BUREAU,16A59,Bureau: VALLEY BUREAU\nDistrict: 1659\nDivision: FOOTHILL
95,96,1751,17,DEVONSHIRE,VALLEY BUREAU,17A23,Bureau: VALLEY BUREAU\nDistrict: 1751\nDivision: DEVONSHIRE
96,97,1756,17,DEVONSHIRE,VALLEY BUREAU,17A49,Bureau: VALLEY BUREAU\nDistrict: 1756\nDivision: DEVONSHIRE
97,98,1752,17,DEVONSHIRE,VALLEY BUREAU,17A23,Bureau: VALLEY BUREAU\nDistrict: 1752\nDivision: DEVONSHIRE
98,99,1753,17,DEVONSHIRE,VALLEY BUREAU,17A23,Bureau: VALLEY BUREAU\nDistrict: 1753\nDivision: DEVONSHIRE
99,100,1763,17,DEVONSHIRE,VALLEY BUREAU,17A23,Bureau: VALLEY BUREAU\nDistrict: 1763\nDivision: DEVONSHIRE
100,101,1757,17,DEVONSHIRE,VALLEY BUREAU,17A49,Bureau: VALLEY BUREAU\nDistrict: 1757\nDivision: DEVONSHIRE
101,102,1764,17,DEVONSHIRE,VALLEY BUREAU,17A81,Bureau: VALLEY BUREAU\nDistrict: 1764\nDivision: DEVONSHIRE
102,103,1765,17,DEVONSHIRE,VALLEY BUREAU,17A35,Bureau: VALLEY BUREAU\nDistrict: 1765\nDivision: DEVONSHIRE
103,104,1754,17,DEVONSHIRE,VALLEY BUREAU,17A35,Bureau: VALLEY BUREAU\nDistrict: 1754\nDivision: DEVONSHIRE
104,105,1755,17,DEVONSHIRE,VALLEY BUREAU,17A35,Bureau: VALLEY BUREAU\nDistrict: 1755\nDivision: DEVONSHIRE
105,106,1758,17,DEVONSHIRE,VALLEY BUREAU,17A49,Bureau: VALLEY BUREAU\nDistrict: 1758\nDivision: DEVONSHIRE
106,107,1759,17,DEVONSHIRE,VALLEY BUREAU,17A49,Bureau: VALLEY BUREAU\nDistrict: 1759\nDivision: DEVONSHIRE
107,108,1956,19,MISSION,VALLEY BUREAU,19A43,Bureau: VALLEY BUREAU\nDistrict: 1956\nDivision: MISSION
108,109,1952,19,MISSION,VALLEY BUREAU,19A43,Bureau: VALLEY BUREAU\nDistrict: 1952\nDivision: MISSION
109,110,1653,16,FOOTHILL,VALLEY BUREAU,16A23,Bureau: VALLEY BUREAU\nDistrict: 1653\nDivision: FOOTHILL
110,111,1668,16,FOOTHILL,VALLEY BUREAU,16A59,Bureau: VALLEY BUREAU\nDistrict: 1668\nDivision: FOOTHILL
111,112,1657,16,FOOTHILL,VALLEY BUREAU,16A59,Bureau: VALLEY BUREAU\nDistrict: 1657\nDivision: FOOTHILL
112,113,1658,16,FOOTHILL,VALLEY BUREAU,16A59,Bureau: VALLEY BUREAU\nDistrict: 1658\nDivision: FOOTHILL
113,114,1664,16,FOOTHILL,VALLEY BUREAU,16A77,Bureau: VALLEY BUREAU\nDistrict: 1664\nDivision: FOOTHILL
114,115,1667,16,FOOTHILL,VALLEY BUREAU,16A77,Bureau: VALLEY BUREAU\nDistrict: 1667\nDivision: FOOTHILL
115,116,1761,17,DEVONSHIRE,VALLEY BUREAU,17A23,Bureau: VALLEY BUREAU\nDistrict: 1761\nDivision: DEVONSHIRE
116,117,1651,16,FOOTHILL,VALLEY BUREAU,16A23,Bureau: VALLEY BUREAU\nDistrict: 1651\nDivision: FOOTHILL
117,118,1768,17,DEVONSHIRE,VALLEY BUREAU,17A95,Bureau: VALLEY BUREAU\nDistrict: 1768\nDivision: DEVONSHIRE
118,119,1969,19,MISSION,VALLEY BUREAU,19A79,Bureau: VALLEY BUREAU\nDistrict: 1969\nDivision: MISSION
119,120,1762,17,DEVONSHIRE,VALLEY BUREAU,17A81,Bureau: VALLEY BUREAU\nDistrict: 1762\nDivision: DEVONSHIRE
120,121,1963,19,MISSION,VALLEY BUREAU,19A75,Bureau: VALLEY BUREAU\nDistrict: 1963\nDivision: MISSION
121,122,1772,17,DEVONSHIRE,VALLEY BUREAU,17A81,Bureau: VALLEY BUREAU\nDistrict: 1772\nDivision: DEVONSHIRE
122,123,1776,17,DEVONSHIRE,VALLEY BUREAU,17A95,Bureau: VALLEY BUREAU\nDistrict: 1776\nDivision: DEVONSHIRE
123,124,1766,17,DEVONSHIRE,VALLEY BUREAU,17A67,Bureau: VALLEY BUREAU\nDistrict: 1766\nDivision: DEVONSHIRE
124,125,1777,17,DEVONSHIRE,VALLEY BUREAU,17A95,Bureau: VALLEY BUREAU\nDistrict: 1777\nDivision: DEVONSHIRE
125,126,1778,17,DEVONSHIRE,VALLEY BUREAU,17A95,Bureau: VALLEY BUREAU\nDistrict: 1778\nDivision: DEVONSHIRE
126,127,1779,17,DEVONSHIRE,VALLEY BUREAU,17A95,Bureau: VALLEY BUREAU\nDistrict: 1779\nDivision: DEVONSHIRE
127,128,1961,19,MISSION,VALLEY BUREAU,19A61,Bureau: VALLEY BUREAU\nDistrict: 1961\nDivision: MISSION
128,129,1962,19,MISSION,VALLEY BUREAU,19A61,Bureau: VALLEY BUREAU\nDistrict: 1962\nDivision: MISSION
129,130,1967,19,MISSION,VALLEY BUREAU,19A79,Bureau: VALLEY BUREAU\nDistrict: 1967\nDivision: MISSION
130,131,1663,16,FOOTHILL,VALLEY BUREAU,16A77,Bureau: VALLEY BUREAU\nDistrict: 1663\nDivision: FOOTHILL
131,132,1669,16,FOOTHILL,VALLEY BUREAU,16A59,Bureau: VALLEY BUREAU\nDistrict: 1669\nDivision: FOOTHILL
132,133,2101,21,TOPANGA,VALLEY BUREAU,21A1,Bureau: VALLEY BUREAU\nDistrict: 2101\nDivision: TOPANGA
133,134,1775,17,DEVONSHIRE,VALLEY BUREAU,17A95,Bureau: VALLEY BUREAU\nDistrict: 1775\nDivision: DEVONSHIRE
134,135,1771,17,DEVONSHIRE,VALLEY BUREAU,17A81,Bureau: VALLEY BUREAU\nDistrict: 1771\nDivision: DEVONSHIRE
135,136,1783,17,DEVONSHIRE,VALLEY BUREAU,17A67,Bureau: VALLEY BUREAU\nDistrict: 1783\nDivision: DEVONSHIRE
136,137,1964,19,MISSION,VALLEY BUREAU,19A75,Bureau: VALLEY BUREAU\nDistrict: 1964\nDivision: MISSION
137,138,1966,19,MISSION,VALLEY BUREAU,19A75,Bureau: VALLEY BUREAU\nDistrict: 1966\nDivision: MISSION
138,139,1781,17,DEVONSHIRE,VALLEY BUREAU,17A81,Bureau: VALLEY BUREAU\nDistrict: 1781\nDivision: DEVONSHIRE
139,140,1675,16,FOOTHILL,VALLEY BUREAU,16A77,Bureau: VALLEY BUREAU\nDistrict: 1675\nDivision: FOOTHILL
140,141,1679,16,FOOTHILL,VALLEY BUREAU,16A59,Bureau: VALLEY BUREAU\nDistrict: 1679\nDivision: FOOTHILL
141,142,1977,19,MISSION,VALLEY BUREAU,19A79,Bureau: VALLEY BUREAU\nDistrict: 1977\nDivision: MISSION
142,143,1661,16,FOOTHILL,VALLEY BUREAU,16A77,Bureau: VALLEY BUREAU\nDistrict: 1661\nDivision: FOOTHILL
143,144,1979,19,MISSION,VALLEY BUREAU,19A79,Bureau: VALLEY BUREAU\nDistrict: 1979\nDivision: MISSION
144,145,1678,16,FOOTHILL,VALLEY BUREAU,16A77,Bureau: VALLEY BUREAU\nDistrict: 1678\nDivision: FOOTHILL
145,146,1782,17,DEVONSHIRE,VALLEY BUREAU,17A81,Bureau: VALLEY BUREAU\nDistrict: 1782\nDivision: DEVONSHIRE
146,147,1672,16,FOOTHILL,VALLEY BUREAU,16A77,Bureau: VALLEY BUREAU\nDistrict: 1672\nDivision: FOOTHILL
147,148,1788,17,DEVONSHIRE,VALLEY BUREAU,17A95,Bureau: VALLEY BUREAU\nDistrict: 1788\nDivision: DEVONSHIRE
148,149,2104,21,TOPANGA,VALLEY BUREAU,21A5,Bureau: VALLEY BUREAU\nDistrict: 2104\nDivision: TOPANGA
149,150,2103,21,TOPANGA,VALLEY BUREAU,21A1,Bureau: VALLEY BUREAU\nDistrict: 2103\nDivision: TOPANGA
150,151,2106,21,TOPANGA,VALLEY BUREAU,21A5,Bureau: VALLEY BUREAU\nDistrict: 2106\nDivision: TOPANGA
151,152,1796,17,DEVONSHIRE,VALLEY BUREAU,17A95,Bureau: VALLEY BUREAU\nDistrict: 1796\nDivision: DEVONSHIRE
152,153,1797,17,DEVONSHIRE,VALLEY BUREAU,17A95,Bureau: VALLEY BUREAU\nDistrict: 1797\nDivision: DEVONSHIRE
153,154,2102,21,TOPANGA,VALLEY BUREAU,21A1,Bureau: VALLEY BUREAU\nDistrict: 2102\nDivision: TOPANGA
154,155,1798,17,DEVONSHIRE,VALLEY BUREAU,17A95,Bureau: VALLEY BUREAU\nDistrict: 1798\nDivision: DEVONSHIRE
155,156,1676,16,FOOTHILL,VALLEY BUREAU,16A77,Bureau: VALLEY BUREAU\nDistrict: 1676\nDivision: FOOTHILL
156,157,1971,19,MISSION,VALLEY BUREAU,19A61,Bureau: VALLEY BUREAU\nDistrict: 1971\nDivision: MISSION
157,158,1972,19,MISSION,VALLEY BUREAU,19A61,Bureau: VALLEY BUREAU\nDistrict: 1972\nDivision: MISSION
158,159,1974,19,MISSION,VALLEY BUREAU,19A85,Bureau: VALLEY BUREAU\nDistrict: 1974\nDivision: MISSION
159,160,1975,19,MISSION,VALLEY BUREAU,19A75,Bureau: VALLEY BUREAU\nDistrict: 1975\nDivision: MISSION
160,161,1988,19,MISSION,VALLEY BUREAU,19A79,Bureau: VALLEY BUREAU\nDistrict: 1988\nDivision: MISSION
161,162,1681,16,FOOTHILL,VALLEY BUREAU,16A81,Bureau: VALLEY BUREAU\nDistrict: 1681\nDivision: FOOTHILL
162,163,1987,19,MISSION,VALLEY BUREAU,19A75,Bureau: VALLEY BUREAU\nDistrict: 1987\nDivision: MISSION
163,164,1985,19,MISSION,VALLEY BUREAU,19A85,Bureau: VALLEY BUREAU\nDistrict: 1985\nDivision: MISSION
164,165,1989,19,MISSION,VALLEY BUREAU,19A79,Bureau: VALLEY BUREAU\nDistrict: 1989\nDivision: MISSION
165,166,1793,17,DEVONSHIRE,VALLEY BUREAU,17A67,Bureau: VALLEY BUREAU\nDistrict: 1793\nDivision: DEVONSHIRE
166,167,1981,19,MISSION,VALLEY BUREAU,19A61,Bureau: VALLEY BUREAU\nDistrict: 1981\nDivision: MISSION
167,168,1982,19,MISSION,VALLEY BUREAU,19A61,Bureau: VALLEY BUREAU\nDistrict: 1982\nDivision: MISSION
168,169,1984,19,MISSION,VALLEY BUREAU,19A85,Bureau: VALLEY BUREAU\nDistrict: 1984\nDivision: MISSION
169,170,1794,17,DEVONSHIRE,VALLEY BUREAU,17A67,Bureau: VALLEY BUREAU\nDistrict: 1794\nDivision: DEVONSHIRE
170,171,1682,16,FOOTHILL,VALLEY BUREAU,16A81,Bureau: VALLEY BUREAU\nDistrict: 1682\nDivision: FOOTHILL
171,172,1673,16,FOOTHILL,VALLEY BUREAU,16A77,Bureau: VALLEY BUREAU\nDistrict: 1673\nDivision: FOOTHILL
172,173,2105,21,TOPANGA,VALLEY BUREAU,21A5,Bureau: VALLEY BUREAU\nDistrict: 2105\nDivision: TOPANGA
173,174,1795,17,DEVONSHIRE,VALLEY BUREAU,17A95,Bureau: VALLEY BUREAU\nDistrict: 1795\nDivision: DEVONSHIRE
174,175,2107,21,TOPANGA,VALLEY BUREAU,21A5,Bureau: VALLEY BUREAU\nDistrict: 2107\nDivision: TOPANGA
175,176,1791,17,DEVONSHIRE,VALLEY BUREAU,17A81,Bureau: VALLEY BUREAU\nDistrict: 1791\nDivision: DEVONSHIRE
176,177,1792,17,DEVONSHIRE,VALLEY BUREAU,17A81,Bureau: VALLEY BUREAU\nDistrict: 1792\nDivision: DEVONSHIRE
177,178,1799,17,DEVONSHIRE,VALLEY BUREAU,17A95,Bureau: VALLEY BUREAU\nDistrict: 1799\nDivision: DEVONSHIRE
178,179,1677,16,FOOTHILL,VALLEY BUREAU,16A77,Bureau: VALLEY BUREAU\nDistrict: 1677\nDivision: FOOTHILL
179,180,1983,19,MISSION,VALLEY BUREAU,19A61,Bureau: VALLEY BUREAU\nDistrict: 1983\nDivision: MISSION
180,181,1684,16,FOOTHILL,VALLEY BUREAU,16A81,Bureau: VALLEY BUREAU\nDistrict: 1684\nDivision: FOOTHILL
181,182,1689,16,FOOTHILL,VALLEY BUREAU,16A81,Bureau: VALLEY BUREAU\nDistrict: 1689\nDivision: FOOTHILL
182,183,1687,16,FOOTHILL,VALLEY BUREAU,16A81,Bureau: VALLEY BUREAU\nDistrict: 1687\nDivision: FOOTHILL
183,184,1685,16,FOOTHILL,VALLEY BUREAU,16A81,Bureau: VALLEY BUREAU\nDistrict: 1685\nDivision: FOOTHILL
184,185,2111,21,TOPANGA,VALLEY BUREAU,21A1,Bureau: VALLEY BUREAU\nDistrict: 2111\nDivision: TOPANGA
185,186,1698,16,FOOTHILL,VALLEY BUREAU,16A81,Bureau: VALLEY BUREAU\nDistrict: 1698\nDivision: FOOTHILL
186,187,1999,19,MISSION,VALLEY BUREAU,19A93,Bureau: VALLEY BUREAU\nDistrict: 1999\nDivision: MISSION
187,188,1998,19,MISSION,VALLEY BUREAU,19A93,Bureau: VALLEY BUREAU\nDistrict: 1998\nDivision: MISSION
188,189,1994,19,MISSION,VALLEY BUREAU,19A93,Bureau: VALLEY BUREAU\nDistrict: 1994\nDivision: MISSION
189,190,1993,19,MISSION,VALLEY BUREAU,19A93,Bureau: VALLEY BUREAU\nDistrict: 1993\nDivision: MISSION
190,191,1991,19,MISSION,VALLEY BUREAU,19A93,Bureau: VALLEY BUREAU\nDistrict: 1991\nDivision: MISSION
191,192,1009,10,WEST VALLEY,VALLEY BUREAU,10A39,Bureau: VALLEY BUREAU\nDistrict: 1009\nDivision: WEST VALLEY
192,193,1007,10,WEST VALLEY,VALLEY BUREAU,10A17,Bureau: VALLEY BUREAU\nDistrict: 1007\nDivision: WEST VALLEY
193,194,1006,10,WEST VALLEY,VALLEY BUREAU,10A17,Bureau: VALLEY BUREAU\nDistrict: 1006\nDivision: WEST VALLEY
194,195,1005,10,WEST VALLEY,VALLEY BUREAU,10A3,Bureau: VALLEY BUREAU\nDistrict: 1005\nDivision: WEST VALLEY
195,196,1004,10,WEST VALLEY,VALLEY BUREAU,10A3,Bureau: VALLEY BUREAU\nDistrict: 1004\nDivision: WEST VALLEY
196,197,1003,10,WEST VALLEY,VALLEY BUREAU,10A3,Bureau: VALLEY BUREAU\nDistrict: 1003\nDivision: WEST VALLEY
197,198,1001,10,WEST VALLEY,VALLEY BUREAU,10A3,Bureau: VALLEY BUREAU\nDistrict: 1001\nDivision: WEST VALLEY
198,199,2129,21,TOPANGA,VALLEY BUREAU,21A29,Bureau: VALLEY BUREAU\nDistrict: 2129\nDivision: TOPANGA
199,200,2118,21,TOPANGA,VALLEY BUREAU,21A29,Bureau: VALLEY BUREAU\nDistrict: 2118\nDivision: TOPANGA
200,201,2126,21,TOPANGA,VALLEY BUREAU,21A5,Bureau: VALLEY BUREAU\nDistrict: 2126\nDivision: TOPANGA
201,202,2115,21,TOPANGA,VALLEY BUREAU,21A5,Bureau: VALLEY BUREAU\nDistrict: 2115\nDivision: TOPANGA
202,203,2114,21,TOPANGA,VALLEY BUREAU,21A1,Bureau: VALLEY BUREAU\nDistrict: 2114\nDivision: TOPANGA
203,204,2113,21,TOPANGA,VALLEY BUREAU,21A1,Bureau: VALLEY BUREAU\nDistrict: 2113\nDivision: TOPANGA
204,205,1501,15,NORTH HOLLYWOOD,VALLEY BUREAU,15A21,Bureau: VALLEY BUREAU\nDistrict: 1501\nDivision: NORTH HOLLYWOOD
205,206,1502,15,NORTH HOLLYWOOD,VALLEY BUREAU,15A21,Bureau: VALLEY BUREAU\nDistrict: 1502\nDivision: NORTH HOLLYWOOD
206,207,1691,16,FOOTHILL,VALLEY BUREAU,16A81,Bureau: VALLEY BUREAU\nDistrict: 1691\nDivision: FOOTHILL
207,208,1995,19,MISSION,VALLEY BUREAU,19A93,Bureau: VALLEY BUREAU\nDistrict: 1995\nDivision: MISSION
208,209,1018,10,WEST VALLEY,VALLEY BUREAU,10A39,Bureau: VALLEY BUREAU\nDistrict: 1018\nDivision: WEST VALLEY
209,210,1019,10,WEST VALLEY,VALLEY BUREAU,10A39,Bureau: VALLEY BUREAU\nDistrict: 1019\nDivision: WEST VALLEY
210,211,901,9,VAN NUYS,VALLEY BUREAU,9A5,Bureau: VALLEY BUREAU\nDistrict: 901\nDivision: VAN NUYS
211,212,2125,21,TOPANGA,VALLEY BUREAU,21A5,Bureau: VALLEY BUREAU\nDistrict: 2125\nDivision: TOPANGA
212,213,2128,21,TOPANGA,VALLEY BUREAU,21A29,Bureau: VALLEY BUREAU\nDistrict: 2128\nDivision: TOPANGA
213,214,1693,16,FOOTHILL,VALLEY BUREAU,16A81,Bureau: VALLEY BUREAU\nDistrict: 1693\nDivision: FOOTHILL
214,215,904,9,VAN NUYS,VALLEY BUREAU,9A5,Bureau: VALLEY BUREAU\nDistrict: 904\nDivision: VAN NUYS
215,216,1699,16,FOOTHILL,VALLEY BUREAU,16A81,Bureau: VALLEY BUREAU\nDistrict: 1699\nDivision: FOOTHILL
216,217,1695,16,FOOTHILL,VALLEY BUREAU,16A81,Bureau: VALLEY BUREAU\nDistrict: 1695\nDivision: FOOTHILL
217,218,2133,21,TOPANGA,VALLEY BUREAU,21A1,Bureau: VALLEY BUREAU\nDistrict: 2133\nDivision: TOPANGA
218,219,906,9,VAN NUYS,VALLEY BUREAU,9A5,Bureau: VALLEY BUREAU\nDistrict: 906\nDivision: VAN NUYS
219,220,2132,21,TOPANGA,VALLEY BUREAU,21A1,Bureau: VALLEY BUREAU\nDistrict: 2132\nDivision: TOPANGA
220,221,909,9,VAN NUYS,VALLEY BUREAU,9A5,Bureau: VALLEY BUREAU\nDistrict: 909\nDivision: VAN NUYS
221,222,2134,21,TOPANGA,VALLEY BUREAU,21A1,Bureau: VALLEY BUREAU\nDistrict: 2134\nDivision: TOPANGA
222,223,2136,21,TOPANGA,VALLEY BUREAU,21A5,Bureau: VALLEY BUREAU\nDistrict: 2136\nDivision: TOPANGA
223,224,2137,21,TOPANGA,VALLEY BUREAU,21A5,Bureau: VALLEY BUREAU\nDistrict: 2137\nDivision: TOPANGA
224,225,2138,21,TOPANGA,VALLEY BUREAU,21A29,Bureau: VALLEY BUREAU\nDistrict: 2138\nDivision: TOPANGA
225,226,2139,21,TOPANGA,VALLEY BUREAU,21A29,Bureau: VALLEY BUREAU\nDistrict: 2139\nDivision: TOPANGA
226,227,1011,10,WEST VALLEY,VALLEY BUREAU,10A3,Bureau: VALLEY BUREAU\nDistrict: 1011\nDivision: WEST VALLEY
227,228,1012,10,WEST VALLEY,VALLEY BUREAU,10A3,Bureau: VALLEY BUREAU\nDistrict: 1012\nDivision: WEST VALLEY
228,229,1015,10,WEST VALLEY,VALLEY BUREAU,10A3,Bureau: VALLEY BUREAU\nDistrict: 1015\nDivision: WEST VALLEY
229,230,1017,10,WEST VALLEY,VALLEY BUREAU,10A17,Bureau: VALLEY BUREAU\nDistrict: 1017\nDivision: WEST VALLEY
230,231,905,9,VAN NUYS,VALLEY BUREAU,9A5,Bureau: VALLEY BUREAU\nDistrict: 905\nDivision: VAN NUYS
231,232,1503,15,NORTH HOLLYWOOD,VALLEY BUREAU,15A3,Bureau: VALLEY BUREAU\nDistrict: 1503\nDivision: NORTH HOLLYWOOD
232,233,1504,15,NORTH HOLLYWOOD,VALLEY BUREAU,15A3,Bureau: VALLEY BUREAU\nDistrict: 1504\nDivision: NORTH HOLLYWOOD
233,234,2131,21,TOPANGA,VALLEY BUREAU,21A1,Bureau: VALLEY BUREAU\nDistrict: 2131\nDivision: TOPANGA
234,235,1505,15,NORTH HOLLYWOOD,VALLEY BUREAU,15A3,Bureau: VALLEY BUREAU\nDistrict: 1505\nDivision: NORTH HOLLYWOOD
235,236,1506,15,NORTH HOLLYWOOD,VALLEY BUREAU,15A3,Bureau: VALLEY BUREAU\nDistrict: 1506\nDivision: NORTH HOLLYWOOD
236,237,1508,15,NORTH HOLLYWOOD,VALLEY BUREAU,15A3,Bureau: VALLEY BUREAU\nDistrict: 1508\nDivision: NORTH HOLLYWOOD
237,238,1511,15,NORTH HOLLYWOOD,VALLEY BUREAU,15A21,Bureau: VALLEY BUREAU\nDistrict: 1511\nDivision: NORTH HOLLYWOOD
238,239,1512,15,NORTH HOLLYWOOD,VALLEY BUREAU,15A21,Bureau: VALLEY BUREAU\nDistrict: 1512\nDivision: NORTH HOLLYWOOD
239,240,1509,15,NORTH HOLLYWOOD,VALLEY BUREAU,15A3,Bureau: VALLEY BUREAU\nDistrict: 1509\nDivision: NORTH HOLLYWOOD
240,241,1513,15,NORTH HOLLYWOOD,VALLEY BUREAU,15A21,Bureau: VALLEY BUREAU\nDistrict: 1513\nDivision: NORTH HOLLYWOOD
241,242,2146,21,TOPANGA,VALLEY BUREAU,21A57,Bureau: VALLEY BUREAU\nDistrict: 2146\nDivision: TOPANGA
242,243,2147,21,TOPANGA,VALLEY BUREAU,21A57,Bureau: VALLEY BUREAU\nDistrict: 2147\nDivision: TOPANGA
243,244,2148,21,TOPANGA,VALLEY BUREAU,21A29,Bureau: VALLEY BUREAU\nDistrict: 2148\nDivision: TOPANGA
244,245,2149,21,TOPANGA,VALLEY BUREAU,21A29,Bureau: VALLEY BUREAU\nDistrict: 2149\nDivision: TOPANGA
245,246,1021,10,WEST VALLEY,VALLEY BUREAU,10A21,Bureau: VALLEY BUREAU\nDistrict: 1021\nDivision: WEST VALLEY
246,247,1023,10,WEST VALLEY,VALLEY BUREAU,10A21,Bureau: VALLEY BUREAU\nDistrict: 1023\nDivision: WEST VALLEY
247,248,1024,10,WEST VALLEY,VALLEY BUREAU,10A21,Bureau: VALLEY BUREAU\nDistrict: 1024\nDivision: WEST VALLEY
248,249,1025,10,WEST VALLEY,VALLEY BUREAU,10A21,Bureau: VALLEY BUREAU\nDistrict: 1025\nDivision: WEST VALLEY
249,250,1027,10,WEST VALLEY,VALLEY BUREAU,10A17,Bureau: VALLEY BUREAU\nDistrict: 1027\nDivision: WEST VALLEY
250,251,1029,10,WEST VALLEY,VALLEY BUREAU,10A39,Bureau: VALLEY BUREAU\nDistrict: 1029\nDivision: WEST VALLEY
251,252,911,9,VAN NUYS,VALLEY BUREAU,9A23,Bureau: VALLEY BUREAU\nDistrict: 911\nDivision: VAN NUYS
252,253,914,9,VAN NUYS,VALLEY BUREAU,9A23,Bureau: VALLEY BUREAU\nDistrict: 914\nDivision: VAN NUYS
253,254,915,9,VAN NUYS,VALLEY BUREAU,9A19,Bureau: VALLEY BUREAU\nDistrict: 915\nDivision: VAN NUYS
254,255,1515,15,NORTH HOLLYWOOD,VALLEY BUREAU,15A3,Bureau: VALLEY BUREAU\nDistrict: 1515\nDivision: NORTH HOLLYWOOD
255,256,916,9,VAN NUYS,VALLEY BUREAU,9A19,Bureau: VALLEY BUREAU\nDistrict: 916\nDivision: VAN NUYS
256,257,919,9,VAN NUYS,VALLEY BUREAU,9A19,Bureau: VALLEY BUREAU\nDistrict: 919\nDivision: VAN NUYS
257,258,1521,15,NORTH HOLLYWOOD,VALLEY BUREAU,15A21,Bureau: VALLEY BUREAU\nDistrict: 1521\nDivision: NORTH HOLLYWOOD
258,259,1522,15,NORTH HOLLYWOOD,VALLEY BUREAU,15A21,Bureau: VALLEY BUREAU\nDistrict: 1522\nDivision: NORTH HOLLYWOOD
259,260,1516,15,NORTH HOLLYWOOD,VALLEY BUREAU,15A27,Bureau: VALLEY BUREAU\nDistrict: 1516\nDivision: NORTH HOLLYWOOD
260,261,2144,21,TOPANGA,VALLEY BUREAU,21A43,Bureau: VALLEY BUREAU\nDistrict: 2144\nDivision: TOPANGA
261,262,2145,21,TOPANGA,VALLEY BUREAU,21A43,Bureau: VALLEY BUREAU\nDistrict: 2145\nDivision: TOPANGA
262,263,2142,21,TOPANGA,VALLEY BUREAU,21A43,Bureau: VALLEY BUREAU\nDistrict: 2142\nDivision: TOPANGA
263,264,2143,21,TOPANGA,VALLEY BUREAU,21A43,Bureau: VALLEY BUREAU\nDistrict: 2143\nDivision: TOPANGA
264,265,2141,21,TOPANGA,VALLEY BUREAU,21A43,Bureau: VALLEY BUREAU\nDistrict: 2141\nDivision: TOPANGA
265,266,1517,15,NORTH HOLLYWOOD,VALLEY BUREAU,15A27,Bureau: VALLEY BUREAU\nDistrict: 1517\nDivision: NORTH HOLLYWOOD
266,267,1514,15,NORTH HOLLYWOOD,VALLEY BUREAU,15A3,Bureau: VALLEY BUREAU\nDistrict: 1514\nDivision: NORTH HOLLYWOOD
267,268,1519,15,NORTH HOLLYWOOD,VALLEY BUREAU,15A27,Bureau: VALLEY BUREAU\nDistrict: 1519\nDivision: NORTH HOLLYWOOD
268,269,2157,21,TOPANGA,VALLEY BUREAU,21A57,Bureau: VALLEY BUREAU\nDistrict: 2157\nDivision: TOPANGA
269,270,2156,21,TOPANGA,VALLEY BUREAU,21A57,Bureau: VALLEY BUREAU\nDistrict: 2156\nDivision: TOPANGA
270,271,2158,21,TOPANGA,VALLEY BUREAU,21A97,Bureau: VALLEY BUREAU\nDistrict: 2158\nDivision: TOPANGA
271,272,1039,10,WEST VALLEY,VALLEY BUREAU,10A39,Bureau: VALLEY BUREAU\nDistrict: 1039\nDivision: WEST VALLEY
272,273,923,9,VAN NUYS,VALLEY BUREAU,9A23,Bureau: VALLEY BUREAU\nDistrict: 923\nDivision: VAN NUYS
273,274,926,9,VAN NUYS,VALLEY BUREAU,9A19,Bureau: VALLEY BUREAU\nDistrict: 926\nDivision: VAN NUYS
274,275,929,9,VAN NUYS,VALLEY BUREAU,9A19,Bureau: VALLEY BUREAU\nDistrict: 929\nDivision: VAN NUYS
275,276,2159,21,TOPANGA,VALLEY BUREAU,21A29,Bureau: VALLEY BUREAU\nDistrict: 2159\nDivision: TOPANGA
276,277,1031,10,WEST VALLEY,VALLEY BUREAU,10A21,Bureau: VALLEY BUREAU\nDistrict: 1031\nDivision: WEST VALLEY
277,278,1033,10,WEST VALLEY,VALLEY BUREAU,10A21,Bureau: VALLEY BUREAU\nDistrict: 1033\nDivision: WEST VALLEY
278,279,1523,15,NORTH HOLLYWOOD,VALLEY BUREAU,15A33,Bureau: VALLEY BUREAU\nDistrict: 1523\nDivision: NORTH HOLLYWOOD
279,280,1532,15,NORTH HOLLYWOOD,VALLEY BUREAU,15A33,Bureau: VALLEY BUREAU\nDistrict: 1532\nDivision: NORTH HOLLYWOOD
280,281,1524,15,NORTH HOLLYWOOD,VALLEY BUREAU,15A33,Bureau: VALLEY BUREAU\nDistrict: 1524\nDivision: NORTH HOLLYWOOD
281,282,1525,15,NORTH HOLLYWOOD,VALLEY BUREAU,15A33,Bureau: VALLEY BUREAU\nDistrict: 1525\nDivision: NORTH HOLLYWOOD
282,283,1526,15,NORTH HOLLYWOOD,VALLEY BUREAU,15A27,Bureau: VALLEY BUREAU\nDistrict: 1526\nDivision: NORTH HOLLYWOOD
283,284,1527,15,NORTH HOLLYWOOD,VALLEY BUREAU,15A27,Bureau: VALLEY BUREAU\nDistrict: 1527\nDivision: NORTH HOLLYWOOD
284,285,2169,21,TOPANGA,VALLEY BUREAU,21A29,Bureau: VALLEY BUREAU\nDistrict: 2169\nDivision: TOPANGA
285,286,2155,21,TOPANGA,VALLEY BUREAU,21A43,Bureau: VALLEY BUREAU\nDistrict: 2155\nDivision: TOPANGA
286,287,931,9,VAN NUYS,VALLEY BUREAU,9A23,Bureau: VALLEY BUREAU\nDistrict: 931\nDivision: VAN NUYS
287,288,932,9,VAN NUYS,VALLEY BUREAU,9A23,Bureau: VALLEY BUREAU\nDistrict: 932\nDivision: VAN NUYS
288,289,933,9,VAN NUYS,VALLEY BUREAU,9A41,Bureau: VALLEY BUREAU\nDistrict: 933\nDivision: VAN NUYS
289,290,935,9,VAN NUYS,VALLEY BUREAU,9A41,Bureau: VALLEY BUREAU\nDistrict: 935\nDivision: VAN NUYS
290,291,937,9,VAN NUYS,VALLEY BUREAU,9A37,Bureau: VALLEY BUREAU\nDistrict: 937\nDivision: VAN NUYS
291,292,938,9,VAN NUYS,VALLEY BUREAU,9A37,Bureau: VALLEY BUREAU\nDistrict: 938\nDivision: VAN NUYS
292,293,939,9,VAN NUYS,VALLEY BUREAU,9A37,Bureau: VALLEY BUREAU\nDistrict: 939\nDivision: VAN NUYS
293,294,1529,15,NORTH HOLLYWOOD,VALLEY BUREAU,15A27,Bureau: VALLEY BUREAU\nDistrict: 1529\nDivision: NORTH HOLLYWOOD
294,295,941,9,VAN NUYS,VALLEY BUREAU,9A41,Bureau: VALLEY BUREAU\nDistrict: 941\nDivision: VAN NUYS
295,296,2161,21,TOPANGA,VALLEY BUREAU,21A73,Bureau: VALLEY BUREAU\nDistrict: 2161\nDivision: TOPANGA
296,297,1041,10,WEST VALLEY,VALLEY BUREAU,10A83,Bureau: VALLEY BUREAU\nDistrict: 1041\nDivision: WEST VALLEY
297,298,2162,21,TOPANGA,VALLEY BUREAU,21A73,Bureau: VALLEY BUREAU\nDistrict: 2162\nDivision: TOPANGA
298,299,1533,15,NORTH HOLLYWOOD,VALLEY BUREAU,15A33,Bureau: VALLEY BUREAU\nDistrict: 1533\nDivision: NORTH HOLLYWOOD
299,300,1043,10,WEST VALLEY,VALLEY BUREAU,10A83,Bureau: VALLEY BUREAU\nDistrict: 1043\nDivision: WEST VALLEY
300,301,2177,21,TOPANGA,VALLEY BUREAU,21A97,Bureau: VALLEY BUREAU\nDistrict: 2177\nDivision: TOPANGA
301,302,943,9,VAN NUYS,VALLEY BUREAU,9A41,Bureau: VALLEY BUREAU\nDistrict: 943\nDivision: VAN NUYS
302,303,946,9,VAN NUYS,VALLEY BUREAU,9A37,Bureau: VALLEY BUREAU\nDistrict: 946\nDivision: VAN NUYS
303,304,948,9,VAN NUYS,VALLEY BUREAU,9A37,Bureau: VALLEY BUREAU\nDistrict: 948\nDivision: VAN NUYS
304,305,2175,21,TOPANGA,VALLEY BUREAU,21A73,Bureau: VALLEY BUREAU\nDistrict: 2175\nDivision: TOPANGA
305,306,1531,15,NORTH HOLLYWOOD,VALLEY BUREAU,15A43,Bureau: VALLEY BUREAU\nDistrict: 1531\nDivision: NORTH HOLLYWOOD
306,307,1535,15,NORTH HOLLYWOOD,VALLEY BUREAU,15A39,Bureau: VALLEY BUREAU\nDistrict: 1535\nDivision: NORTH HOLLYWOOD
307,308,1538,15,NORTH HOLLYWOOD,VALLEY BUREAU,15A39,Bureau: VALLEY BUREAU\nDistrict: 1538\nDivision: NORTH HOLLYWOOD
308,309,1539,15,NORTH HOLLYWOOD,VALLEY BUREAU,15A39,Bureau: VALLEY BUREAU\nDistrict: 1539\nDivision: NORTH HOLLYWOOD
309,310,2173,21,TOPANGA,VALLEY BUREAU,21A73,Bureau: VALLEY BUREAU\nDistrict: 2173\nDivision: TOPANGA
310,311,1061,10,WEST VALLEY,VALLEY BUREAU,10A83,Bureau: VALLEY BUREAU\nDistrict: 1061\nDivision: WEST VALLEY
311,312,2189,21,TOPANGA,VALLEY BUREAU,21A97,Bureau: VALLEY BUREAU\nDistrict: 2189\nDivision: TOPANGA
312,313,1063,10,WEST VALLEY,VALLEY BUREAU,10A83,Bureau: VALLEY BUREAU\nDistrict: 1063\nDivision: WEST VALLEY
313,314,2172,21,TOPANGA,VALLEY BUREAU,21A73,Bureau: VALLEY BUREAU\nDistrict: 2172\nDivision: TOPANGA
314,315,952,9,VAN NUYS,VALLEY BUREAU,9A41,Bureau: VALLEY BUREAU\nDistrict: 952\nDivision: VAN NUYS
315,316,1543,15,NORTH HOLLYWOOD,VALLEY BUREAU,15A43,Bureau: VALLEY BUREAU\nDistrict: 1543\nDivision: NORTH HOLLYWOOD
316,317,1545,15,NORTH HOLLYWOOD,VALLEY BUREAU,15A43,Bureau: VALLEY BUREAU\nDistrict: 1545\nDivision: NORTH HOLLYWOOD
317,318,1547,15,NORTH HOLLYWOOD,VALLEY BUREAU,15A39,Bureau: VALLEY BUREAU\nDistrict: 1547\nDivision: NORTH HOLLYWOOD
318,319,1549,15,NORTH HOLLYWOOD,VALLEY BUREAU,15A39,Bureau: VALLEY BUREAU\nDistrict: 1549\nDivision: NORTH HOLLYWOOD
319,320,1075,10,WEST VALLEY,VALLEY BUREAU,10A99,Bureau: VALLEY BUREAU\nDistrict: 1075\nDivision: WEST VALLEY
320,321,2185,21,TOPANGA,VALLEY BUREAU,21A73,Bureau: VALLEY BUREAU\nDistrict: 2185\nDivision: TOPANGA
321,322,1065,10,WEST VALLEY,VALLEY BUREAU,10A99,Bureau: VALLEY BUREAU\nDistrict: 1065\nDivision: WEST VALLEY
322,323,1067,10,WEST VALLEY,VALLEY BUREAU,10A99,Bureau: VALLEY BUREAU\nDistrict: 1067\nDivision: WEST VALLEY
323,324,2187,21,TOPANGA,VALLEY BUREAU,21A97,Bureau: VALLEY BUREAU\nDistrict: 2187\nDivision: TOPANGA
324,325,1546,15,NORTH HOLLYWOOD,VALLEY BUREAU,15A43,Bureau: VALLEY BUREAU\nDistrict: 1546\nDivision: NORTH HOLLYWOOD
325,326,955,9,VAN NUYS,VALLEY BUREAU,9A63,Bureau: VALLEY BUREAU\nDistrict: 955\nDivision: VAN NUYS
326,327,1068,10,WEST VALLEY,VALLEY BUREAU,10A99,Bureau: VALLEY BUREAU\nDistrict: 1068\nDivision: WEST VALLEY
327,328,957,9,VAN NUYS,VALLEY BUREAU,9A63,Bureau: VALLEY BUREAU\nDistrict: 957\nDivision: VAN NUYS
328,329,966,9,VAN NUYS,VALLEY BUREAU,9A63,Bureau: VALLEY BUREAU\nDistrict: 966\nDivision: VAN NUYS
329,330,969,9,VAN NUYS,VALLEY BUREAU,9A37,Bureau: VALLEY BUREAU\nDistrict: 969\nDivision: VAN NUYS
330,331,1541,15,NORTH HOLLYWOOD,VALLEY BUREAU,15A43,Bureau: VALLEY BUREAU\nDistrict: 1541\nDivision: NORTH HOLLYWOOD
331,332,1548,15,NORTH HOLLYWOOD,VALLEY BUREAU,15A39,Bureau: VALLEY BUREAU\nDistrict: 1548\nDivision: NORTH HOLLYWOOD
332,333,2183,21,TOPANGA,VALLEY BUREAU,21A73,Bureau: VALLEY BUREAU\nDistrict: 2183\nDivision: TOPANGA
333,334,1079,10,WEST VALLEY,VALLEY BUREAU,10A99,Bureau: VALLEY BUREAU\nDistrict: 1079\nDivision: WEST VALLEY
334,335,1078,10,WEST VALLEY,VALLEY BUREAU,10A99,Bureau: VALLEY BUREAU\nDistrict: 1078\nDivision: WEST VALLEY
335,336,1083,10,WEST VALLEY,VALLEY BUREAU,10A83,Bureau: VALLEY BUREAU\nDistrict: 1083\nDivision: WEST VALLEY
336,337,963,9,VAN NUYS,VALLEY BUREAU,9A63,Bureau: VALLEY BUREAU\nDistrict: 963\nDivision: VAN NUYS
337,338,964,9,VAN NUYS,VALLEY BUREAU,9A63,Bureau: VALLEY BUREAU\nDistrict: 964\nDivision: VAN NUYS
338,339,1544,15,NORTH HOLLYWOOD,VALLEY BUREAU,15A43,Bureau: VALLEY BUREAU\nDistrict: 1544\nDivision: NORTH HOLLYWOOD
339,340,1555,15,NORTH HOLLYWOOD,VALLEY BUREAU,15A67,Bureau: VALLEY BUREAU\nDistrict: 1555\nDivision: NORTH HOLLYWOOD
340,341,1557,15,NORTH HOLLYWOOD,VALLEY BUREAU,15A67,Bureau: VALLEY BUREAU\nDistrict: 1557\nDivision: NORTH HOLLYWOOD
341,342,1559,15,NORTH HOLLYWOOD,VALLEY BUREAU,15A67,Bureau: VALLEY BUREAU\nDistrict: 1559\nDivision: NORTH HOLLYWOOD
342,343,2197,21,TOPANGA,VALLEY BUREAU,21A97,Bureau: VALLEY BUREAU\nDistrict: 2197\nDivision: TOPANGA
343,344,961,9,VAN NUYS,VALLEY BUREAU,9A63,Bureau: VALLEY BUREAU\nDistrict: 961\nDivision: VAN NUYS
344,345,1077,10,WEST VALLEY,VALLEY BUREAU,10A99,Bureau: VALLEY BUREAU\nDistrict: 1077\nDivision: WEST VALLEY
345,346,1094,10,WEST VALLEY,VALLEY BUREAU,10A83,Bureau: VALLEY BUREAU\nDistrict: 1094\nDivision: WEST VALLEY
346,347,1101,11,NORTHEAST,CENTRAL BUREAU,11A1,Bureau: CENTRAL BUREAU\nDistrict: 1101\nDivision: NORTHEAST
347,348,971,9,VAN NUYS,VALLEY BUREAU,9A63,Bureau: VALLEY BUREAU\nDistrict: 971\nDivision: VAN NUYS
348,349,1088,10,WEST VALLEY,VALLEY BUREAU,10A99,Bureau: VALLEY BUREAU\nDistrict: 1088\nDivision: WEST VALLEY
349,350,2196,21,TOPANGA,VALLEY BUREAU,21A97,Bureau: VALLEY BUREAU\nDistrict: 2196\nDivision: TOPANGA
350,351,974,9,VAN NUYS,VALLEY BUREAU,9A63,Bureau: VALLEY BUREAU\nDistrict: 974\nDivision: VAN NUYS
351,352,1097,10,WEST VALLEY,VALLEY BUREAU,10A99,Bureau: VALLEY BUREAU\nDistrict: 1097\nDivision: WEST VALLEY
352,353,1551,15,NORTH HOLLYWOOD,VALLEY BUREAU,15A43,Bureau: VALLEY BUREAU\nDistrict: 1551\nDivision: NORTH HOLLYWOOD
353,354,1553,15,NORTH HOLLYWOOD,VALLEY BUREAU,15A43,Bureau: VALLEY BUREAU\nDistrict: 1553\nDivision: NORTH HOLLYWOOD
354,355,985,9,VAN NUYS,VALLEY BUREAU,9A89,Bureau: VALLEY BUREAU\nDistrict: 985\nDivision: VAN NUYS
355,356,979,9,VAN NUYS,VALLEY BUREAU,9A63,Bureau: VALLEY BUREAU\nDistrict: 979\nDivision: VAN NUYS
356,357,1562,15,NORTH HOLLYWOOD,VALLEY BUREAU,15A85,Bureau: VALLEY BUREAU\nDistrict: 1562\nDivision: NORTH HOLLYWOOD
357,358,976,9,VAN NUYS,VALLEY BUREAU,9A63,Bureau: VALLEY BUREAU\nDistrict: 976\nDivision: VAN NUYS
358,359,1089,10,WEST VALLEY,VALLEY BUREAU,10A99,Bureau: VALLEY BUREAU\nDistrict: 1089\nDivision: WEST VALLEY
359,360,989,9,VAN NUYS,VALLEY BUREAU,9A89,Bureau: VALLEY BUREAU\nDistrict: 989\nDivision: VAN NUYS
360,361,1563,15,NORTH HOLLYWOOD,VALLEY BUREAU,15A85,Bureau: VALLEY BUREAU\nDistrict: 1563\nDivision: NORTH HOLLYWOOD
361,362,981,9,VAN NUYS,VALLEY BUREAU,9A89,Bureau: VALLEY BUREAU\nDistrict: 981\nDivision: VAN NUYS
362,363,1565,15,NORTH HOLLYWOOD,VALLEY BUREAU,15A85,Bureau: VALLEY BUREAU\nDistrict: 1565\nDivision: NORTH HOLLYWOOD
363,364,1099,10,WEST VALLEY,VALLEY BUREAU,10A99,Bureau: VALLEY BUREAU\nDistrict: 1099\nDivision: WEST VALLEY
364,365,1566,15,NORTH HOLLYWOOD,VALLEY BUREAU,15A67,Bureau: VALLEY BUREAU\nDistrict: 1566\nDivision: NORTH HOLLYWOOD
365,366,1569,15,NORTH HOLLYWOOD,VALLEY BUREAU,15A67,Bureau: VALLEY BUREAU\nDistrict: 1569\nDivision: NORTH HOLLYWOOD
366,367,1567,15,NORTH HOLLYWOOD,VALLEY BUREAU,15A67,Bureau: VALLEY BUREAU\nDistrict: 1567\nDivision: NORTH HOLLYWOOD
367,368,1102,11,NORTHEAST,CENTRAL BUREAU,11A1,Bureau: CENTRAL BUREAU\nDistrict: 1102\nDivision: NORTHEAST
368,369,1589,15,NORTH HOLLYWOOD,VALLEY BUREAU,15A67,Bureau: VALLEY BUREAU\nDistrict: 1589\nDivision: NORTH HOLLYWOOD
369,370,984,9,VAN NUYS,VALLEY BUREAU,9A89,Bureau: VALLEY BUREAU\nDistrict: 984\nDivision: VAN NUYS
370,371,2198,21,TOPANGA,VALLEY BUREAU,21A97,Bureau: VALLEY BUREAU\nDistrict: 2198\nDivision: TOPANGA
371,372,1109,11,NORTHEAST,CENTRAL BUREAU,11A19,Bureau: CENTRAL BUREAU\nDistrict: 1109\nDivision: NORTHEAST
372,373,1581,15,NORTH HOLLYWOOD,VALLEY BUREAU,15A85,Bureau: VALLEY BUREAU\nDistrict: 1581\nDivision: NORTH HOLLYWOOD
373,374,1583,15,NORTH HOLLYWOOD,VALLEY BUREAU,15A85,Bureau: VALLEY BUREAU\nDistrict: 1583\nDivision: NORTH HOLLYWOOD
374,375,998,9,VAN NUYS,VALLEY BUREAU,9A89,Bureau: VALLEY BUREAU\nDistrict: 998\nDivision: VAN NUYS
375,376,1105,11,NORTHEAST,CENTRAL BUREAU,11A19,Bureau: CENTRAL BUREAU\nDistrict: 1105\nDivision: NORTHEAST
376,377,991,9,VAN NUYS,VALLEY BUREAU,9A89,Bureau: VALLEY BUREAU\nDistrict: 991\nDivision: VAN NUYS
377,378,1591,15,NORTH HOLLYWOOD,VALLEY BUREAU,15A85,Bureau: VALLEY BUREAU\nDistrict: 1591\nDivision: NORTH HOLLYWOOD
378,379,1585,15,NORTH HOLLYWOOD,VALLEY BUREAU,15A85,Bureau: VALLEY BUREAU\nDistrict: 1585\nDivision: NORTH HOLLYWOOD
379,380,1586,15,NORTH HOLLYWOOD,VALLEY BUREAU,15A67,Bureau: VALLEY BUREAU\nDistrict: 1586\nDivision: NORTH HOLLYWOOD
380,381,994,9,VAN NUYS,VALLEY BUREAU,9A89,Bureau: VALLEY BUREAU\nDistrict: 994\nDivision: VAN NUYS
381,382,1113,11,NORTHEAST,CENTRAL BUREAU,11A19,Bureau: CENTRAL BUREAU\nDistrict: 1113\nDivision: NORTHEAST
382,383,1588,15,NORTH HOLLYWOOD,VALLEY BUREAU,15A67,Bureau: VALLEY BUREAU\nDistrict: 1588\nDivision: NORTH HOLLYWOOD
383,384,1595,15,NORTH HOLLYWOOD,VALLEY BUREAU,15A85,Bureau: VALLEY BUREAU\nDistrict: 1595\nDivision: NORTH HOLLYWOOD
384,385,1596,15,NORTH HOLLYWOOD,VALLEY BUREAU,15A85,Bureau: VALLEY BUREAU\nDistrict: 1596\nDivision: NORTH HOLLYWOOD
385,386,1115,11,NORTHEAST,CENTRAL BUREAU,11A19,Bureau: CENTRAL BUREAU\nDistrict: 1115\nDivision: NORTHEAST
386,387,1587,15,NORTH HOLLYWOOD,VALLEY BUREAU,15A67,Bureau: VALLEY BUREAU\nDistrict: 1587\nDivision: NORTH HOLLYWOOD
387,388,1119,11,NORTHEAST,CENTRAL BUREAU,11A19,Bureau: CENTRAL BUREAU\nDistrict: 1119\nDivision: NORTHEAST
388,389,1599,15,NORTH HOLLYWOOD,VALLEY BUREAU,15A67,Bureau: VALLEY BUREAU\nDistrict: 1599\nDivision: NORTH HOLLYWOOD
389,390,1098,10,WEST VALLEY,VALLEY BUREAU,10A99,Bureau: VALLEY BUREAU\nDistrict: 1098\nDivision: WEST VALLEY
390,391,1112,11,NORTHEAST,CENTRAL BUREAU,11A19,Bureau: CENTRAL BUREAU\nDistrict: 1112\nDivision: NORTHEAST
391,392,615,6,HOLLYWOOD,WEST BUREAU,6A15,Bureau: WEST BUREAU\nDistrict: 615\nDivision: HOLLYWOOD
392,393,1117,11,NORTHEAST,CENTRAL BUREAU,11A19,Bureau: CENTRAL BUREAU\nDistrict: 1117\nDivision: NORTHEAST
393,394,627,6,HOLLYWOOD,WEST BUREAU,6A15,Bureau: WEST BUREAU\nDistrict: 627\nDivision: HOLLYWOOD
394,395,807,8,WEST LOS ANGELES,WEST BUREAU,8A29,Bureau: WEST BUREAU\nDistrict: 807\nDivision: WEST LOS ANGELES
395,396,1107,11,NORTHEAST,CENTRAL BUREAU,11A25,Bureau: CENTRAL BUREAU\nDistrict: 1107\nDivision: NORTHEAST
396,397,808,8,WEST LOS ANGELES,WEST BUREAU,8A29,Bureau: WEST BUREAU\nDistrict: 808\nDivision: WEST LOS ANGELES
397,398,804,8,WEST LOS ANGELES,WEST BUREAU,8A13,Bureau: WEST BUREAU\nDistrict: 804\nDivision: WEST LOS ANGELES
398,399,803,8,WEST LOS ANGELES,WEST BUREAU,8A13,Bureau: WEST BUREAU\nDistrict: 803\nDivision: WEST LOS ANGELES
399,400,806,8,WEST LOS ANGELES,WEST BUREAU,8A29,Bureau: WEST BUREAU\nDistrict: 806\nDivision: WEST LOS ANGELES
400,401,622,6,HOLLYWOOD,WEST BUREAU,6A31,Bureau: WEST BUREAU\nDistrict: 622\nDivision: HOLLYWOOD
401,402,805,8,WEST LOS ANGELES,WEST BUREAU,8A29,Bureau: WEST BUREAU\nDistrict: 805\nDivision: WEST LOS ANGELES
402,403,843,8,WEST LOS ANGELES,WEST BUREAU,8A13,Bureau: WEST BUREAU\nDistrict: 843\nDivision: WEST LOS ANGELES
403,404,1126,11,NORTHEAST,CENTRAL BUREAU,11A25,Bureau: CENTRAL BUREAU\nDistrict: 1126\nDivision: NORTHEAST
404,405,1128,11,NORTHEAST,CENTRAL BUREAU,11A25,Bureau: CENTRAL BUREAU\nDistrict: 1128\nDivision: NORTHEAST
405,406,809,8,WEST LOS ANGELES,WEST BUREAU,8A29,Bureau: WEST BUREAU\nDistrict: 809\nDivision: WEST LOS ANGELES
406,407,629,6,HOLLYWOOD,WEST BUREAU,6A15,Bureau: WEST BUREAU\nDistrict: 629\nDivision: HOLLYWOOD
407,408,1123,11,NORTHEAST,CENTRAL BUREAU,11A1,Bureau: CENTRAL BUREAU\nDistrict: 1123\nDivision: NORTHEAST
408,409,1136,11,NORTHEAST,CENTRAL BUREAU,11A19,Bureau: CENTRAL BUREAU\nDistrict: 1136\nDivision: NORTHEAST
409,410,1129,11,NORTHEAST,CENTRAL BUREAU,11A25,Bureau: CENTRAL BUREAU\nDistrict: 1129\nDivision: NORTHEAST
410,411,1135,11,NORTHEAST,CENTRAL BUREAU,11A89,Bureau: CENTRAL BUREAU\nDistrict: 1135\nDivision: NORTHEAST
411,412,1125,11,NORTHEAST,CENTRAL BUREAU,11A25,Bureau: CENTRAL BUREAU\nDistrict: 1125\nDivision: NORTHEAST
412,413,1124,11,NORTHEAST,CENTRAL BUREAU,11A89,Bureau: CENTRAL BUREAU\nDistrict: 1124\nDivision: NORTHEAST
413,414,621,6,HOLLYWOOD,WEST BUREAU,6A31,Bureau: WEST BUREAU\nDistrict: 621\nDivision: HOLLYWOOD
414,415,625,6,HOLLYWOOD,WEST BUREAU,6A31,Bureau: WEST BUREAU\nDistrict: 625\nDivision: HOLLYWOOD
415,416,1127,11,NORTHEAST,CENTRAL BUREAU,11A25,Bureau: CENTRAL BUREAU\nDistrict: 1127\nDivision: NORTHEAST
416,417,1133,11,NORTHEAST,CENTRAL BUREAU,11A1,Bureau: CENTRAL BUREAU\nDistrict: 1133\nDivision: NORTHEAST
417,418,626,6,HOLLYWOOD,WEST BUREAU,6A15,Bureau: WEST BUREAU\nDistrict: 626\nDivision: HOLLYWOOD
418,419,1122,11,NORTHEAST,CENTRAL BUREAU,11A1,Bureau: CENTRAL BUREAU\nDistrict: 1122\nDivision: NORTHEAST
419,420,1132,11,NORTHEAST,CENTRAL BUREAU,11A1,Bureau: CENTRAL BUREAU\nDistrict: 1132\nDivision: NORTHEAST
420,421,1118,11,NORTHEAST,CENTRAL BUREAU,11A37,Bureau: CENTRAL BUREAU\nDistrict: 1118\nDivision: NORTHEAST
421,422,1142,11,NORTHEAST,CENTRAL BUREAU,11A1,Bureau: CENTRAL BUREAU\nDistrict: 1142\nDivision: NORTHEAST
422,423,1138,11,NORTHEAST,CENTRAL BUREAU,11A37,Bureau: CENTRAL BUREAU\nDistrict: 1138\nDivision: NORTHEAST
423,424,1116,11,NORTHEAST,CENTRAL BUREAU,11A37,Bureau: CENTRAL BUREAU\nDistrict: 1116\nDivision: NORTHEAST
424,425,1134,11,NORTHEAST,CENTRAL BUREAU,11A89,Bureau: CENTRAL BUREAU\nDistrict: 1134\nDivision: NORTHEAST
425,426,1141,11,NORTHEAST,CENTRAL BUREAU,11A1,Bureau: CENTRAL BUREAU\nDistrict: 1141\nDivision: NORTHEAST
426,427,1153,11,NORTHEAST,CENTRAL BUREAU,11A1,Bureau: CENTRAL BUREAU\nDistrict: 1153\nDivision: NORTHEAST
427,428,632,6,HOLLYWOOD,WEST BUREAU,6A31,Bureau: WEST BUREAU\nDistrict: 632\nDivision: HOLLYWOOD
428,429,1148,11,NORTHEAST,CENTRAL BUREAU,11A37,Bureau: CENTRAL BUREAU\nDistrict: 1148\nDivision: NORTHEAST
429,430,1139,11,NORTHEAST,CENTRAL BUREAU,11A37,Bureau: CENTRAL BUREAU\nDistrict: 1139\nDivision: NORTHEAST
430,431,1137,11,NORTHEAST,CENTRAL BUREAU,11A37,Bureau: CENTRAL BUREAU\nDistrict: 1137\nDivision: NORTHEAST
431,432,1145,11,NORTHEAST,CENTRAL BUREAU,11A71,Bureau: CENTRAL BUREAU\nDistrict: 1145\nDivision: NORTHEAST
432,433,628,6,HOLLYWOOD,WEST BUREAU,6A15,Bureau: WEST BUREAU\nDistrict: 628\nDivision: HOLLYWOOD
433,434,405,4,HOLLENBECK,CENTRAL BUREAU,4A3,Bureau: CENTRAL BUREAU\nDistrict: 405\nDivision: HOLLENBECK
434,435,635,6,HOLLYWOOD,WEST BUREAU,6A15,Bureau: WEST BUREAU\nDistrict: 635\nDivision: HOLLYWOOD
435,436,1143,11,NORTHEAST,CENTRAL BUREAU,11A71,Bureau: CENTRAL BUREAU\nDistrict: 1143\nDivision: NORTHEAST
436,437,404,4,HOLLENBECK,CENTRAL BUREAU,4A3,Bureau: CENTRAL BUREAU\nDistrict: 404\nDivision: HOLLENBECK
437,438,1149,11,NORTHEAST,CENTRAL BUREAU,11A37,Bureau: CENTRAL BUREAU\nDistrict: 1149\nDivision: NORTHEAST
438,439,1144,11,NORTHEAST,CENTRAL BUREAU,11A71,Bureau: CENTRAL BUREAU\nDistrict: 1144\nDivision: NORTHEAST
439,440,1146,11,NORTHEAST,CENTRAL BUREAU,11A95,Bureau: CENTRAL BUREAU\nDistrict: 1146\nDivision: NORTHEAST
440,441,645,6,HOLLYWOOD,WEST BUREAU,6A45,Bureau: WEST BUREAU\nDistrict: 645\nDivision: HOLLYWOOD
441,442,631,6,HOLLYWOOD,WEST BUREAU,6A31,Bureau: WEST BUREAU\nDistrict: 631\nDivision: HOLLYWOOD
442,443,1147,11,NORTHEAST,CENTRAL BUREAU,11A89,Bureau: CENTRAL BUREAU\nDistrict: 1147\nDivision: NORTHEAST
443,444,1169,11,NORTHEAST,CENTRAL BUREAU,11A37,Bureau: CENTRAL BUREAU\nDistrict: 1169\nDivision: NORTHEAST
444,445,636,6,HOLLYWOOD,WEST BUREAU,6A15,Bureau: WEST BUREAU\nDistrict: 636\nDivision: HOLLYWOOD
445,446,638,6,HOLLYWOOD,WEST BUREAU,6A49,Bureau: WEST BUREAU\nDistrict: 638\nDivision: HOLLYWOOD
446,447,639,6,HOLLYWOOD,WEST BUREAU,6A49,Bureau: WEST BUREAU\nDistrict: 639\nDivision: HOLLYWOOD
447,448,637,6,HOLLYWOOD,WEST BUREAU,6A49,Bureau: WEST BUREAU\nDistrict: 637\nDivision: HOLLYWOOD
448,449,406,4,HOLLENBECK,CENTRAL BUREAU,4A3,Bureau: CENTRAL BUREAU\nDistrict: 406\nDivision: HOLLENBECK
449,450,643,6,HOLLYWOOD,WEST BUREAU,6A45,Bureau: WEST BUREAU\nDistrict: 643\nDivision: HOLLYWOOD
450,451,403,4,HOLLENBECK,CENTRAL BUREAU,4A3,Bureau: CENTRAL BUREAU\nDistrict: 403\nDivision: HOLLENBECK
451,452,1159,11,NORTHEAST,CENTRAL BUREAU,11A37,Bureau: CENTRAL BUREAU\nDistrict: 1159\nDivision: NORTHEAST
452,453,1157,11,NORTHEAST,CENTRAL BUREAU,11A1,Bureau: CENTRAL BUREAU\nDistrict: 1157\nDivision: NORTHEAST
453,454,642,6,HOLLYWOOD,WEST BUREAU,6A31,Bureau: WEST BUREAU\nDistrict: 642\nDivision: HOLLYWOOD
454,455,418,4,HOLLENBECK,CENTRAL BUREAU,4A9,Bureau: CENTRAL BUREAU\nDistrict: 418\nDivision: HOLLENBECK
455,456,1151,11,NORTHEAST,CENTRAL BUREAU,11A51,Bureau: CENTRAL BUREAU\nDistrict: 1151\nDivision: NORTHEAST
456,457,1152,11,NORTHEAST,CENTRAL BUREAU,11A51,Bureau: CENTRAL BUREAU\nDistrict: 1152\nDivision: NORTHEAST
457,458,649,6,HOLLYWOOD,WEST BUREAU,6A49,Bureau: WEST BUREAU\nDistrict: 649\nDivision: HOLLYWOOD
458,459,648,6,HOLLYWOOD,WEST BUREAU,6A49,Bureau: WEST BUREAU\nDistrict: 648\nDivision: HOLLYWOOD
459,460,647,6,HOLLYWOOD,WEST BUREAU,6A67,Bureau: WEST BUREAU\nDistrict: 647\nDivision: HOLLYWOOD
460,461,646,6,HOLLYWOOD,WEST BUREAU,6A65,Bureau: WEST BUREAU\nDistrict: 646\nDivision: HOLLYWOOD
461,462,1158,11,NORTHEAST,CENTRAL BUREAU,11A89,Bureau: CENTRAL BUREAU\nDistrict: 1158\nDivision: NORTHEAST
462,463,1162,11,NORTHEAST,CENTRAL BUREAU,11A51,Bureau: CENTRAL BUREAU\nDistrict: 1162\nDivision: NORTHEAST
463,464,402,4,HOLLENBECK,CENTRAL BUREAU,4A3,Bureau: CENTRAL BUREAU\nDistrict: 402\nDivision: HOLLENBECK
464,465,409,4,HOLLENBECK,CENTRAL BUREAU,4A9,Bureau: CENTRAL BUREAU\nDistrict: 409\nDivision: HOLLENBECK
465,466,644,6,HOLLYWOOD,WEST BUREAU,6A45,Bureau: WEST BUREAU\nDistrict: 644\nDivision: HOLLYWOOD
466,467,659,6,HOLLYWOOD,WEST BUREAU,6A79,Bureau: WEST BUREAU\nDistrict: 659\nDivision: HOLLYWOOD
467,468,668,6,HOLLYWOOD,WEST BUREAU,6A79,Bureau: WEST BUREAU\nDistrict: 668\nDivision: HOLLYWOOD
468,469,667,6,HOLLYWOOD,WEST BUREAU,6A67,Bureau: WEST BUREAU\nDistrict: 667\nDivision: HOLLYWOOD
469,470,666,6,HOLLYWOOD,WEST BUREAU,6A67,Bureau: WEST BUREAU\nDistrict: 666\nDivision: HOLLYWOOD
470,471,1178,11,NORTHEAST,CENTRAL BUREAU,11A89,Bureau: CENTRAL BUREAU\nDistrict: 1178\nDivision: NORTHEAST
471,472,1172,11,NORTHEAST,CENTRAL BUREAU,11A71,Bureau: CENTRAL BUREAU\nDistrict: 1172\nDivision: NORTHEAST
472,473,1176,11,NORTHEAST,CENTRAL BUREAU,11A95,Bureau: CENTRAL BUREAU\nDistrict: 1176\nDivision: NORTHEAST
473,474,1171,11,NORTHEAST,CENTRAL BUREAU,11A71,Bureau: CENTRAL BUREAU\nDistrict: 1171\nDivision: NORTHEAST
474,475,1179,11,NORTHEAST,CENTRAL BUREAU,11A89,Bureau: CENTRAL BUREAU\nDistrict: 1179\nDivision: NORTHEAST
475,476,1173,11,NORTHEAST,CENTRAL BUREAU,11A95,Bureau: CENTRAL BUREAU\nDistrict: 1173\nDivision: NORTHEAST
476,477,1163,11,NORTHEAST,CENTRAL BUREAU,11A51,Bureau: CENTRAL BUREAU\nDistrict: 1163\nDivision: NORTHEAST
477,478,1174,11,NORTHEAST,CENTRAL BUREAU,11A95,Bureau: CENTRAL BUREAU\nDistrict: 1174\nDivision: NORTHEAST
478,479,1177,11,NORTHEAST,CENTRAL BUREAU,11A89,Bureau: CENTRAL BUREAU\nDistrict: 1177\nDivision: NORTHEAST
479,480,1161,11,NORTHEAST,CENTRAL BUREAU,11A51,Bureau: CENTRAL BUREAU\nDistrict: 1161\nDivision: NORTHEAST
480,481,669,6,HOLLYWOOD,WEST BUREAU,6A79,Bureau: WEST BUREAU\nDistrict: 669\nDivision: HOLLYWOOD
481,482,401,4,HOLLENBECK,CENTRAL BUREAU,4A3,Bureau: CENTRAL BUREAU\nDistrict: 401\nDivision: HOLLENBECK
482,483,407,4,HOLLENBECK,CENTRAL BUREAU,4A3,Bureau: CENTRAL BUREAU\nDistrict: 407\nDivision: HOLLENBECK
483,484,1175,11,NORTHEAST,CENTRAL BUREAU,11A95,Bureau: CENTRAL BUREAU\nDistrict: 1175\nDivision: NORTHEAST
484,485,665,6,HOLLYWOOD,WEST BUREAU,6A65,Bureau: WEST BUREAU\nDistrict: 665\nDivision: HOLLYWOOD
485,486,429,4,HOLLENBECK,CENTRAL BUREAU,4A9,Bureau: CENTRAL BUREAU\nDistrict: 429\nDivision: HOLLENBECK
486,487,204,2,RAMPART,CENTRAL BUREAU,2A12,Bureau: CENTRAL BUREAU\nDistrict: 204\nDivision: RAMPART
487,488,408,4,HOLLENBECK,CENTRAL BUREAU,4A9,Bureau: CENTRAL BUREAU\nDistrict: 408\nDivision: HOLLENBECK
488,489,202,2,RAMPART,CENTRAL BUREAU,2A1,Bureau: CENTRAL BUREAU\nDistrict: 202\nDivision: RAMPART
489,490,201,2,RAMPART,CENTRAL BUREAU,2A1,Bureau: CENTRAL BUREAU\nDistrict: 201\nDivision: RAMPART
490,491,679,6,HOLLYWOOD,WEST BUREAU,6A79,Bureau: WEST BUREAU\nDistrict: 679\nDivision: HOLLYWOOD
491,492,656,6,HOLLYWOOD,WEST BUREAU,6A77,Bureau: WEST BUREAU\nDistrict: 656\nDivision: HOLLYWOOD
492,493,678,6,HOLLYWOOD,WEST BUREAU,6A77,Bureau: WEST BUREAU\nDistrict: 678\nDivision: HOLLYWOOD
493,494,677,6,HOLLYWOOD,WEST BUREAU,6A77,Bureau: WEST BUREAU\nDistrict: 677\nDivision: HOLLYWOOD
494,495,657,6,HOLLYWOOD,WEST BUREAU,6A77,Bureau: WEST BUREAU\nDistrict: 657\nDivision: HOLLYWOOD
495,496,1189,11,NORTHEAST,CENTRAL BUREAU,11A89,Bureau: CENTRAL BUREAU\nDistrict: 1189\nDivision: NORTHEAST
496,497,701,7,WILSHIRE,WEST BUREAU,7A1,Bureau: WEST BUREAU\nDistrict: 701\nDivision: WILSHIRE
497,498,1184,11,NORTHEAST,CENTRAL BUREAU,11A95,Bureau: CENTRAL BUREAU\nDistrict: 1184\nDivision: NORTHEAST
498,499,813,8,WEST LOS ANGELES,WEST BUREAU,8A13,Bureau: WEST BUREAU\nDistrict: 813\nDivision: WEST LOS ANGELES
499,500,1186,11,NORTHEAST,CENTRAL BUREAU,11A95,Bureau: CENTRAL BUREAU\nDistrict: 1186\nDivision: NORTHEAST
