"junk","description","weight","title","age","posting-date","location","ethnicity","name"
"junk","description","weight","title","age","posting-date","location","ethnicity","name"
"6","Call me Danny pictures are real.6&#039;0 138lb 8.5uncut bubble cake. .Erotic, nude full body rubdown, more...Great at what I do ;) What you see in pics is what you see in person please dont ask for me to send picsNo Blocked Calls","135lbs - 54","Hung college guy In your city","21","Jun 05, 04:37","Tucson, AZ","Mixed","TucsonsFinestGuy"
"Athletic","Remember in school fantasizing about football basketball jocks  Ever check out young, hung, black studs at the gym  Fulfill your interracial locker room fantasies! Clean-cut, well-reviewed, masculine, top vers athlete. American-born mixed Brazilian-Cuban.  100% discreet  Protecting YOUR confidentiality and privacy is #1. No judgment here; very good with first timers. Rates flexible. Make an offer that works for you. Incall in a discreet, private location in a clean, safe, upscale neighborhood.   Outcall rate based on distance travel time.   TEXT FOR QUICKEST RESPONSE, I&#039;m usually at gym or with clients and cannot always answer phone. Slowest response messaging here. Aside from planned domestic international client travel, I rarely pre-schedule appointments more than a day ahead of time. 2-6 hours notice is ideal. Non-US numbers can ONLY text me through WhatsApp. When contacting me please include: 1) Where you found me 2) What you&#039;re looking for 3) When, where, and for how long","200lbs - 90","HUNG 9 Mixed Black Brazilian-Cuban Muscle Jockboy","25","Nov 15, 2015","Los Angeles, CA","Mixed","KobeRafaelJock"
"Gay","I embrace my sexuality and youth. I get tested every 3 months. Just got tested and I am clean for everything. I live in Rehoboth, DE","170lbs - 70","You can&#039;t go wrong with me. Imma partyboy","25","Jul 09, 2015","Dover, DE","Caucasian","Blackrose"
"6","Hey there I am the guy you are looking for. Im 25 years old and very educated and well travelled, if you wanna chat about anything (which is unlikely given the options) we can definitely have a great time. I can play the violin for you (Naked) from Bach to The Beatles... I can massage you and well the rest is implied given the site where we are contacting.. Drop me a line... You&#039;ll have the time of your life","175lbs - 73","Sexy Latin Geek","25","Nov 06, 2010","Tucson, AZ","Latin","PanisAz"
"Muscular","Hello! My name is Jordan and I am the one guy you should make the time to see! I tailor each session for your individual needs, desires and comfort level, and assure complete discretion and privacy. I provide a massages that ranges from therapuetic to erotic... They can be one or the other; or a combination of the two. I am very open minded and can go from mild to wild!!! I am naturally submissive and know my place at the bottom! Our time together will be something you wont forget Believe me this is something you will NOT regret!!! Always, My ultimate goal is to please and satisfy you! My Donations are: 30min ~ 80 my place 60min ~150 my place 170 to come to you (in the Tucson Area). If you would like an appointment call me at: 520-301-0744 I look forward to seeing you!!!","140lbs - 56","young hot and ready 4 YOU!!!","21","Oct 05, 2010","Tucson, AZ","Other","Bottomboiforyou"
"Ask me","I am working on my body i have a six pack. I am in agua prieta sonora but i can go to Douglas Arizona i am 18 years old all most 19, just send me a message on my e-mail. I like to make my clients wants more and more, don&#039;t be shy we can spend a really good time and have too much fun just send me a message.","170lbs - 70","Sexy guy make his clients wants more and more","18","Feb 19, 2012","Tucson, AZ","Latin","Robertmorales"
"5","Twink, bottom, full of energy, and ready to have some fun. Please message me for more. (NOTE): Must be willing to travel. (Current location - Whitecourt, AB)","145lbs - 58","Hey Guys","18","Aug 31, 2015","Edmonton, Alberta","Caucasian","Tylerjm"
"Muscular","Hey guys i just started the gym so i am little tone","135lbs - 54","Hey guys you can meet me","20","Mar 30, 00:56","Tucson, AZ","Latin","Riverasteven"
"Bisexual","I&#039;m open to please. I want to leave you satisfie and pleased. My number one goal is to make you want more.","180lbs - 78","Sexy, horned up, guy next door","24","Dec 17, 2015","Tucson, AZ","Caucasian","Randyg"
"5","Hello guys. I&#039;m well educated going through hard time. Have a great body and macho personality with a great beard.","185lbs - 80","For some serious hot fun","27","Jan 25, 03:30","Edmonton, Alberta","Mixed","Hungbearded"
"Defined","Total Top Alpha-Jock-Dad type, 6ft 175lbs, 42, muscular build, handsome with rugged model face. I can be dominant and rough or gentle, either way, I always get what I need. Total discretion expected and guaranteed. cologne-free, and natural. Nothing is shaven below the neck. I have large feet and hands. Please understand this posting does not define my life, I am very discreet, I don&#039;t send face pics. I state this only, so that no time is wasted with face pic requests. However, my photos are verified. I guarantee that what you see here, is what you will get. Hit me up. You will be pleased that you did. For some additional reviews, click here: http:  www.daddysreviews.com search Active K kris_nyc","175lbs - 79","Kris Parkes - Total Top Man","42","Jun 20, 22:12","New York City, NY","Black","KrisParkes"
"Ask me","I am a young, attractive, fit, lean man. I am looking to service men of any age, race or weight. I can host in the Edmonton area.","180lbs - 78","Young, Lean, Tight Bottom","21","Apr 25, 22:54","Edmonton, Alberta","Caucasian","Studlybottom"
"5","Twink jock loves to work out 100% drug and ddf I am very discreet, respectful, easygoing, and charming. I have a porn-star perfect 8 uncut dick I love to dominate and be dominated. From mild to wild I am loads of fun.  by appointment only I am also happy to escort you out on the town for dinner or drinks or what ever you want including massages or be naked all the time i am rally opened minded like to try new things. Im vers so i can be whatever your desires want ;). I can travel to you just let me know. Any fantasy  i can make it true. My pics are 100% real. No limits. Party like a ROCKSTAR Fuck like a PORNSTAR. Theres some fetishes that i never try but i can do anything you want all your desires. Just call me or send me a e-mail azdude_18@hotmail.com subject: Twink Jock Wanted. And i deffinetly woth it ;) erotic dances, body massage, just a good moment, company, or good sex.","120lbs - 48","Nice guy to Make dreams come true","18","Oct 08, 2012","Tucson, AZ","Latin","RobertAz"
"Athletic","Would like to be your top companion can be vers for the right guy . Very dominant and get into most things ....","180lbs - 78","TOP DUDE IN SF","33","Jul 03, 2015","Oakland, CA","Latin","Marcos"
"Ask me","I am a sultry hot Cuban-American man, who loves oral, anal, kissing and a lot of body contact and who will give you a great passionate time. I`m 6, 185 lbs with a athletes body. I am mostly smooth which shows off my well defined chest and hot pecs, 6 pack abs, muscular arms, and strong legs. I have a sexy muscular butt that will love your attention and my hard 8.6 x 6 cock will impress you! I`m friendly, handsome, polite, discreet and have a great attitude and I want to make sure you have a great timeI know we will have a lot of fun together! Send me a text, if you are looking for a one of a kind experience, but please no private calls and serious inquiries only","180lbs - 78","Sapiosexual","29","Dec 29, 2015","Naples, FL","Latin","Meguel"
"5","Masculine, energetic, athetic, fit, toned up and coming adult model. I&#039;ve filmed 20+ scenes for Barebackthathole, Lucas Entertainment, Treasure Island Media, JasonSparksLive.com , Gayroom.com among others. Juicy bubble but, thick cock and strong hands to offer you a great massage. I love fitness, gym, sports, dining out, wine drinking, I&#039;m also bartender server. Looking forward to meeting YOU!!!!","175lbs - 73","Porns up and coming bottom!!!","27","Nov 03, 2015","Kansas City, MO","Caucasian","AlexMasonXXX"
"Athletic","I&#039;m fun, playful, easy going, discreet, friendly, open minded, cultured, exciting, talented, warm, funny, satisfying, intuitive, with a great touch. You&#039;ll feel the difference. The attitude is great: approachable and easy going. I&#039;m a Welsh, German, Italian Euro-American. The pictures are genuine, authentic, and always fresh and recent. I&#039;m in the gym daily and it shows. I am completely Disease Free, HIV Negative, tested regularly, and I&#039;m also on PrEP Truvada to be as safe as possible for me and you. I am Professional, Punctual, and Proper. I&#039;m a very well educated college graduate, quite intelligent, and exceptionally respectful. I have a great sense of humor and a down to earth nature. I offer a sensual yet powerful deep tissue massage, and acupressure as an added bonus to the Full Service Experience. I can provide you with the boyfriend experience, or simply as an exquisite delightful companion friendly to the eye. I&#039;m versatile, open minded &amp; most likely willing to do most everything you might be interested in. Please ask me. You&#039;ll be very impressed and quite satisfied with my high end services. I know what to do and how to do it. So let&#039;s do it. Incalls or outcalls, several hours, overnights, and weekends are available. I would be up for an entire week+ if we are good chemistry, and you are affluent and abundant in nature. I&#039;m located in Tucson, AZ but willing to travel. I have a hot 3-WAY PARTNER Available: text for more details, pics, links &amp; rates. 2 HOT GUYS @ $320 hr. Please Text or Call me anytime: (520) 965-3441 Texts limited   No blocked calls   Serious Inquires, Please. Keep it simple and email your inquiries to: JAYPLAY1@OUTLOOK.COM Major Credit and debit cards are accepted. I accept Apple Google Pay and Wallet, and can invoice in advance via email. Tipping is Greatly Appreciated Thank you so much in Advance! FOLLOW ME ON TWITTER: https:  twitter.com JayJayplay1 MY PRIVATE PICS PASSWORD IS: 3way MY SITE: http:  www.jayplayboy.com","185lbs - 80","Fun, Sexy, Supermodel Hot, &amp; Ready to Play","54","Aug 26, 2015","Tucson, AZ","Caucasian","Jayplay"
"Ask me","VARON SERIO DOMINANTE ACTIVO 100% TELEFONO: 04124000226 EDAD: 26 AOS ESTATURA: 1.85 MTS DOTACION: 22 CMTS DE PURO SABOR HERMOSO CHICO EN SU GRAN REGRESO AL PAIS QUE DESPIERTA TUS MAS INTIMOS DESEOS SEXULAES Y TE HARA DELIRAR CON SU MAGNUM 22 X 8 CMTS DE GROSOR, MUY DURO, SATISFACER FANTASIAS Y FETICHES, SADOMASOQUISTA, CALZO 45 SI ERES SUMISO O PERRITA ES UN PLUS, VIVE CONMIGO EL SEXO AL MAXIMO, SIN TABU HABLAME DE TUS FANTASIAS. SOY MAGNIFICO PARA ACOMPAARTE A TUS RUMBAS, FIESTAS VARIADAS,ASI COMO TAMBIEN NOCHES ENTERAS DE PURA PASION. ATIENDO HOMBRES, DAMAS, MATRIMONIOS,PAREJAS DE TODO TIPO,TENGO DISPONIBILIDAD DE TRASLADARME AL INTERIOR O EXTERIOR DEL PAIS PREVIO ACUERDO ECONOMICO.ACTIVO COMPLACIENTEDISCRETO.FULL PRIVACIDAD EN LO NUESTRO.SERVICIOS EN HOTELES PREFERIBLEMENTE DEL ESTE DE LA CIUDAD DE CARACAS Y ATENCION EN DOMICILIOS SOLO A CLIENTES VIP. POR FAVOR NO OCULTE SU NUMERO AL LLAMAR Y NO ENVIEN TEXTOS. DISFRUTA DE RELAX CONMIGO ACTIVO AL 100 %","170lbs - 70","ALEJANDRO FERRANDI MACHO VENEZOLANO DOMINANTE","26","Feb 21, 18:24","Caracas, Venezuela","Caucasian","AlejandroMaster"
"6","Hey, I&#039;m Jay-a 25 year old graduate student. i workout daily and love to meet new people. I am a trained massage therapist and have a massage table at home. I am doing incalls only at this time and my rate is 160 an hour 200 for 90 mins and my availability id flexible with a little notice. 248 986 4190 Jay","180lbs - 78","Jay Hot Massage Pro and more","26","Dec 16, 2015","Detroit, MI","Black","Jayfla"
"Defined","I&#039;m 29 5&#039;11 br eyes br hair 190 7cut with a 6g PA. Vers Bttm. Looking to have a Wild Time, Raw Only here!!! Because to me Sex isn&#039;t sex unless its RAW!!!!!! So with that said let&#039;s FUCK","160lbs - 72","Loooking for a Wild time","25","Jun 24, 01:51","Detroit, MI","Caucasian","RawPoinTpig"
"Gay","I&#039;m a smart guy, bottom, hot, atractive, available to travel.. Contact me 0115216221236953 call me or send me a whatsapp","200lbs - 90","BottomHere","29","Jan 24, 2012","Tucson, AZ","Caucasian","SonorenseGuay"
"5","Hello, My name is Evan. I am young, fun, and enjoy what I do. If you like what you see just shoot me a message :)","180lbs - 78","Hi, I&#039;m Evan.","31","Oct 16, 2014","Medford, OR","Latin","EvanJaymes"
"Athletic","30 yo m, 7&quot; cut and very thick - ready to please! Hospitality to be experienced.","145lbs - 58","The ultimate satisfaction provider","22","Jul 08, 2013","Tucson, AZ","Caucasian","Muncydm"
"Gay","I&#039;m Sexy top with a thick cut dick and know how to use it. str8 looking, masculine, handsome, discreet, nice guy, great smile. when we meet, you&#039;ll realize that I have a lot more to offer than what you see in these pictures. whatsapp me+79632476130","160lbs - 65","looking for daddy","30","Jun 17, 2013","Beirut, Lebanon","Caucasian","EricPERFECT"
"6","Young, freaky and ambitious guy looking to make you shake and get a few dollars at the same time. Almost anything goes. Very open minded and VERY nasty.","190lbs - 85","Looking foward to hearing from you.","24","May 23, 2014","Medford, OR","Mediterranean","Debinaire"
"Athletic","Kansas guy born and raised. Love outdoors, lifting and making people happy. Nice Masc guy always smiling. Professional guy here who is confident that every client leaves satisfied. Hope to see you soon :). Non judge mental guy here and aim to make my company just as happy!","175lbs - 73","Dustin Tyler Massage","20","Nov 26, 2013","Kansas City, MO","Mixed","DustinTyler"
"Ask me","YOUNG AND HOT BRAZILIAN BI MONARC VISITING TOWN 587 288 7883","210lbs - 95","HOT BRAZILIAN BI MONARC VISITING TOWN 587 288 7883","24","Nov 06, 2015","Edmonton, Alberta","Caucasian","Aaronkensington"
"6","Hey, just looking to make some extra cash asap. I am a good looking thin top with a large dick and will make sure you enjoy the time spent with myself. nsa discreet are totally doable","190lbs - 85","Hey Guys you can stop looking","25","Oct 26, 2015","Edmonton, Alberta","Latin","AceDanvers"
"Muscular",":::::: PHONE NUMBERS LISTED BELOW :::::: ...You may have heard about me. Work worldwide. Voted &quot;One of Top 50 Escorts In USA&quot; for the last 5 years. My goal is simple: To give you one of the BEST EXPERIENCES OF YOUR LIFE. I&#039;m a VERY energetic, creative, and flexible TOP, with real stamina. Want a BOTTOM  I can do that, too - at the drop of a hat (or your pants.) Also mentally versatile. Role play, WS, toys... I&#039;m there - top or bottom. Ask about my Naked Massage Offering. I use my entire body to massage yours. It&#039;s sensual - erotic - and fukkin&#039; hot. FYI my MINIMUM appt is 90 minutes; that rate is $300. 2 hours= $350, 3 hours= $530, overnight= $900, 24 hours= $1,200. Find out much more about me on my site. Photos, a greater description of me, and enough reviews from others (200+!) to get you in trouble at work, reading through them all. http:  TheLegendaryDave.com Based in Bali. Work worldwide, often in USA. Usually can host; happy to travel, too. See http:  TheLegendaryDave.com when for upcoming locales where I&#039;ll be working. If not listed in your city, I can travel nationally internationally at your expense. Fastest, most effective way to get me is by email. Phone works, but check my locale (link above) before calling. IF I&#039;M IN THE USA: call 540-270-4770. Sorry, no texts. IF I&#039;M IN ASIA: call +62 8 5953 705451. (By the way - many more reviews on my website than on RM)","190lbs - 85","- - - THE LEGENDARY DAVE - - -","22","Jun 08, 2013","Denpasar, Indonesia","Caucasian","LegendaryDAVE"
"Gay","I WANT COCK AND ASS AND SUCK AND FUCK","170lbs - 70","WHAT\&#039;S QUP","46","Oct 03, 2008","Tucson, AZ","Caucasian","Mamamelaverga"
"6","I am a sultry hot Cuban-American man, who loves oral, anal, kissing and a lot of body contact and who will give you a great passionate time. I`m 6, 185 lbs with a athletes body. I am mostly smooth which shows off my well defined chest and hot pecs, 6 pack abs, muscular arms, and strong legs. I have a sexy muscular butt that will love your attention and my hard 8.6 x 6 cock will impress you! I`m friendly, handsome, polite, discreet and have a great attitude and I want to make sure you have a great timeI know we will have a lot of fun together! Send me a text, if you are looking for a one of a kind experience, but please no private calls and serious inquiries only","215lbs - 98","Low rate this week ","37","Nov 20, 2009","Naples, FL","Asian","Meguel"
"Muscular","The name is Junior. Im very well educated, both submissive and dominant, yet charming. The guy who usually gets along with everyone and the one who&#039;s body you&#039;ve been fantasizing about.","180lbs - 78","The freak in bed that you won&#039;t forget","29","Dec 29, 2015","Edmonton, Alberta","Latin","Sosatony"
"Bisexual","I tend to be very verbal and aggressive but I can be the strong silent type if you prefer. I am truly a Mans Man. I walk the walk and talk the talk. I clean up well in my black tie and can socialize with the best of them. I am a non smoker but I love a good cigar and my pipe at times. I don&#039;t have a six pack and never will. I don&#039;t wear cologne and never have. My musk is supposedly tranquilizing and have been told I need to bottle it. If its role play you like, that&#039;s my specialty!!! I have a Vivid imagination and I wear a lot of hats. Weather I am your hunky coach, sexy construction worker, nasty uncle or your hot cigar smoking Daddy... I will play out your hottest fantasies and take you beyond your wildest dreams. I have been around the block and know how to please a man. Weather I am on Top or Bottom I am equally verbal and aggressive naturally. I can go from mild to wild, compassionate and caring, loving and nurturing. I look forward to our time together... Sincerely! MY RATES: $250 for 1st hour, $50.00 off for 2nd hour, $100 off for 3rd hour. Currently unable to host but will offer incall service in October...    Disclaimer: The services that I provide are for legitimate bodywork, fitness trainer, social escort, and fantasy companion, The fees rate associated with any of those services are for my time and in full observance of US federal and state laws. I do not accept any compensation, financial or material, for acts that would be considered sexual in any way. Upon contacting me I will assume you have read and understand this disclaimer and ask that you please communicate in language or phrasing, that reflects that you understand this and understand my profile was created to satisfy the desires and fantasies of 2 adults and any transaction is only for time spent together. Regards, Wolf Dad","170lbs - 70","Wolf Daddy is here to take care of all your needs.","24","Jun 08, 02:13","New York City, NY","Mediterranean","WOLFDAD"
"5","100% Masculine Stud available for deep tissue erotic massage. CALL or TXT, you won&#039;t be disappointed! Thanks for checking me out gents, Justin Sax~ My rates: $75 per hour in   $125 per hour out","235lbs - 107","Best Massage Around","54","Jul 06, 22:39","Tucson, AZ","Caucasian","StraightStud"
"Athletic","Hello im new to the city and give amazing massages and more. Very discrete and professional. Able to host or travel i have a condo down town.","140lbs - 56","The Ultimate Experience","30","Sep 26, 2012","Edmonton, Alberta","Caucasian","Babyblue"
"Bisexual","Hi, I&#039;m an athlete, Mixed Martial Arts fighter and male model that is visiting your city. I love playing music, travelling, fast cars, riding motorcycles, and meeting new people. I am an experienced traveler and visit most major cities in the U.S. I can always arrange private trips as well. I am professional companion, on PrEP, and always strive to provide the best experience. Contact me in advance, I prefer texts but can accept calls and emails as well.","190lbs - 85","Rich, Athlete and model","30","Mar 22, 15:12","Kansas City, MO","Caucasian","RichReynolds"
"5","I am new to this and am merely checking this out for the time being. However if I see promise I might be persuaded to pursue something here.","195lbs - 88","New to this","24","Jan 17, 19:13","Flint, MI","Caucasian","Gbbtmboy"
"Athletic","Chill laid back","130lbs - 52","Hello","20","Sep 23, 2012","Tucson, AZ","Caucasian","KiloRX"
"Bisexual","New to this, travel for work. Looking to try something new and fun.","220lbs - 100","Looking to have some fun","25","Dec 30, 2015","Medford, OR","Latin","Bakerb"
"5","I live in Tucson, AZ. I&#039;m a bottom. Definitely interested in meeting with Top Muscle Men. Very new to this scene. :) Enjoy kissing making out; receiving massages; foreplay; licking tongues; sensual nipple play; mutual oral; bottoming. Safe only. Prefer &#039;scorts who do in-calls.","160lbs - 65","Bttm in Tucson always up 4 Muscle Tops","28","Apr 25, 06:37","Palm Springs, CA","Caucasian","DaneScottUSA"
"Athletic","Fun, Sexy, Italian with brown hair, brown eyes. Tight Muscled Body. Completely Versatile and a Champion Kisser. Im comfortable with all body types and ages. Very discreet and always professional. Drug and Disease Free. Couples and First Timers are always welcome. Shoot me an email and tell me whats on your mind. Best to call or email since texts have a habit of getting lost. If you are interested in Massage please put that in the subject line. Im also available for extended appointments to Los Angeles and San Diego with some notice. Thanks for checking out my ad. Check out my reviews here - http:  www.daddysreviews.com review dane_scott_nyc","195lbs - 88","2nd Runner Up Escort of the Year-Daddy&#039;s Reviews","46","Mar 13, 2010","Atlantic city, NJ","Latin","NJDISCREETBTTM"
"Ask me","http:  bangingfrankiel.webs.com  Thank you for taking the time out to visit Frankie L&#039;s page, he is currently available for in house services (In-Calls) Frankie gets into everything from mild-to-hardcore sexual sessions however if you are just looking to relax and receive a nice erotic body rub Frankie will ensure to help relieve all of your tension both physically, mentally and seductively. Frankie L possess 6+yrs of experience with both erotic and non-erotic body rubs and over 11 years of experience providing 100% client satisfaction; Frankie L enjoys mentally and physically fulfilling all of his clients needs and requirements, Hus services include and are not limited to BONDAGE, STRIPPING, SUCKING, RECEIVING and or GIVING, GROUP FUN, THREESOME, VERBAL, LEATHER ETC. Frankie L is guaranteed to satisfy all of your needs. He is also 420 friendly.","150lbs - 60","Discreet Freak","50","Jan 20, 2014","Edmonton, Alberta","Caucasian","Samuelfondle"
"6","Hey I&#039;m Samuel, Please keep your messages short and simple and to the point, long unnesscerry messages will be deleted ! I&#039;m a Jamaican native living in Edmonton, I&#039;m fit football player currently playing for the Eskimos as a reaciver. I am dominant, I&#039;m blessed down there and I promise it&#039;s something you will come back for.","145lbs - 58","Bbc ready to explore","26","May 05, 2014","Edmonton, Alberta","Other","Behrboy"
"Muscular","Well this is it. I have finally decided to take the plunge and become a escort. You may wonder why someone would do this and you would be right. The fact is I&#039;m bored. I need some excitement.I like meeting new like mined people and this is seems to be a interesting way to try. little about my physical appearance. I would call myself average to stocky. I have recently lost alot of weight but im no Adonis. I have been described as handsome with a good body but I&#039;m definitely not chiseled. I am also older. Over 30. But that means experienced as well. I consider myself to be very open minded. Almost any kind of feitsh or kink that you would be afraid to share with anyone else, I would be happy to explore with you. When I am with a client, i am uninhibited and not judgemental. This is about you and exploring your fantasies. I can do leather, latex, WS, toys etc,etc,etc ASK ME WHAT YOU WANT AND I&#039;LL PROBABLY BE UP FOR IT. Some rules: no scat, no blood, no blades, no wired play, no bareback NOT ALWAYS WORKING. GIMME A MESSAGE AND WE COULD WORK SOMETHING OUT. Kisses, B.","190lbs - 85","rookie looking to meet some nice me","22","Oct 13, 2015","Edmonton, Alberta","Black","Danyella"
"Bisexual","I am new to this but I&#039;m told that I&#039;m a natural so give me a chance. It will be well worth it promise.","230lbs - 105","Hey there I&#039;m kinda shy","36","Apr 23, 17:38","Tucson, AZ","Caucasian","Prestonbanks"
"5","Hey Guys My name is Preston im 23, Very Open minded Bottom, Clean, Fun and very out going. Our time together can be , Erotic, Sensual. No rush I love what I do and enjoy every second and I assured you will too. I Always bend over backwards to make sure your satisfied... I aim to Please and I NEVER miss","250lbs - 113","Eager to Please","22","Mar 21, 02:31","Tucson, AZ","Caucasian","Bently"
"Athletic","Tall, muscular, red hair, country dude, green eyes, love oral, giving anal, tie downs, bondage. Call me and we&#039;ll work out the details.","150lbs - 60","Ready to fulfill you Darkest Fantasy","23","Apr 06, 2014","Edmonton, Alberta","Latin","YoungBlackStud"
"Gay","Young guy visiting and looking to Provide pleasure to males. I&#039;m into anything from mild to wild . out calls only and will travel within Calgary as well as just outside the city limits . I want to ensure 100% satisfaction .","190lbs - 85","Hey guys looking to please in anyway !","20","Aug 14, 2014","Tucson, AZ","Caucasian","DesertSon"
"6","&quot;Handsome,&quot; masculine, versatile, &amp; healthy &quot;HIV+&quot; long-term survivor to meet all your companionship needs with NO &quot;attitude.&quot; Professional, personable, conscientious, reliable, prompt and always available. I&#039;m also interested in doing a special niche &quot;taboo&quot; porn in the very near future. Idea, creative content and fee are negotiable. Your investment will be well spent with me, just ask for John ;0)~","180lbs - 78","Poz Good Guy, Gone Bad ","25","Feb 16, 08:13","Tucson, AZ","Black","Tucsonfinest"
"Athletic","Young Masculine Hung College Student. 6ft 138lbs. 8 inches  nice bubble I provide a fun &amp; AMAZING private session. IM INTO ALL KINDS OF GUYS SO DONT BE SHY  out calls only available at the moment  DOMINANT and AGGRESSIVE BF EXPERIENCE OVERNIGHT WEEKENDS AVAILABLE Serious Generous Men Only MASSAGE THERAPY BODY CONTACT &amp; SO MUCH MORE PLEASE BE STRAIGHT FORWARD&amp; RESPECTFUL WHEN CONTACTING. HYGIENE IS A MUST","145lbs - 58","The stress reliever is in town","43","Feb 05, 2011","Tucson, AZ","Caucasian","BABYBLAIR"
"Gay","EXPERINCED ESCORT!!! I&#039;M BLAIR I&#039;M 6&#039;1 165.I&#039;M INTO ALL TYPES OF FUN FROM MILD TO WILD.I&#039;M NATURALLY MASCULINE AND ATTITUDE TO FREE. I OFFER A CLEAN,SAFE,DISREET LOCATION. I WAS DESIGHNED WITH YOU IN MIND. SO CALL FOR FASTEST REPLY","140lbs - 56","LOOKS COUNT!!","21","Jul 27, 19:05","Dallas, TX","Mixed","SexyGinger"
"5","I&#039;m looking to have a good time with a nice guy.","165lbs - 67","Muscle Worship","25","Jul 14, 2007","New Orleans, LA","Mixed","Jake_haartman"
"Muscular","Hello, my name is Jeremy. I am a mature, charming college guy providing exclusive upscale services with a sincerity. I understand that many of my client&#039;s needs go beyond the physical aspect when it comes to my services. It is more about receiving genuine attention and engaging in activities with a safe, charming, non-judgmental gentleman with whom you can be yourself, discover, learn new things and most importantly, enjoy your time together safely either out &amp; about on the town or in a more discreet environment. I provide a variety of services depending on the clients needs and desires. My services range from an all day tour outing around the city, meeting up for drinks, relaxed dinner conversation or business social event companion to something more like a sensual deep tissue massage, an evening in just to relax and let off some steam or an entire night, day or weekend dedicated just to you. About Me Im a ginger, with the Boy Next Door type look. I am 20, 6&#039;1&quot; tall, and 180 pounds. Naturally masculine, athletic, intelligent, friendly, attentive &amp; have impeccable hygiene (except after a workout - I sweat like there&#039;s no tomorrow). STD HIV neg (tested this month).From my clean cut looks, to my charming personality, I deliver 100% satisfaction with no rush, no fuss, just a mutual fun time. Well spoken &amp; well traveled. Safety &amp; discretion are top priority. I&#039;m comfortable in any type of crowd setting. Suit &amp; tie, professional or cuddling up in casual attire. It is best to either call or text me. I will respond (903) 662-1499 www.jeremytheginger.com Massage Rate - jeremytheginger.com massage 175 hour Extra 25 outcalls Boyfriend Experience - jeremytheginger.com boyfriendexperience 200 hour Extra 25 outcalls Domination Kink - jeremytheginger.com 50shades 300 hour Date Nights - jeremytheginger.com datenight Vacations - jeremytheginger.com vacation Fitness Training ginger.fitness Wish List - https:  amzn.com w 1NS5IJVMCG00","150lbs - 60","IN DALLAS NOW! - (903) 662-1499","25","Dec 23, 2015","Edmonton, Alberta","Latin","France"
"Gay","In-shape educated guy living in New Orleans. I enjoy going on dinner dates, craft cocktails and travel in good company. Always a gentleman, and a respectful companion. I&#039;m very passionate. Whether a no chat hard and rough or a slower sensual experience. Dominant and experienced guaranteed to leave a smile on your face. Ask me about my sling. HIV- as of 09 2015 and on PrEP","180lbs - 78","Furry Fun","20","Feb 08, 2015","Edmonton, Alberta","Caucasian","Maxdollar"
"6","I get wild when I&#039;m with a man who enjoys intense oral as much as I do. I have a deep throat and a nice ass. I enjoy kissing and all that follows. If you can give as much, we will have a great time. I really enjoy meeting the same man more than once. Sex is like fine wine, it only gets better. Hope to hear from you. I&#039;m 6&#039;, bwn bwn, 192, clean cut professional, 55 y o.","170lbs - 77","Clean cut professional....but","29","Dec 16, 2015","Vancouver, British Columbia","Caucasian","Queenbee"
"Athletic","Hi, I am an elite masculine masseur who loves to offer erotic services. I have the superb ability to make people comfortable and calm and will treat you just as I treat my best friend and lover. I am hung, I am a gentleman and I am educated. Give me a call or text and see for yourself!  Safe  Clean  Unrushed  Discrete  100% Real Pics 100 for 45 minutes 140 hour 200 Full Serv. 800 overnight Check my web site: http:  gerardbliss.com Incalls and Outcalls. Serious inquiries: (587).215 zero eight seven eight","190lbs - 85","Loving Sensual Oil Massage","55","Jan 11, 2013","Flint, MI","Caucasian","Flushingtwink"
"Gay","Young attractive guy here visiting Edmonton looking to make your fantasystay come true","180lbs - 78","Young Hung and full of ..... ;)","34","Nov 22, 2015","Caracas, Venezuela","Caucasian","Nelsona"
"6","Nanaimo Hasting&#039;s Area 100 %real pics! TOTAL DOM TOP  BOTTOM! Mixed, 25, 5&#039;6, Red, 7x4.5 uncut candy, bubble ass, smooth touchable legs, and dominate T-GURL. I am a total DOM top. My services are non rushed. Come over and let&#039;s have some hot fun bois :), if you know what I mean. I definitely like to have fun a lot underneath the covers. Let&#039;s explore together. 200 in calls &amp; 300 out calls &amp; 2000 all night Call text 24 7 @ 6043773570c. Annabelle. str8, bi, curious, married, FIRST TIMER FRIENDLY! excepting etransfers PROVIDING P&amp;P I also do Skype sessions for $150 if you&#039;d prefer if you&#039;re far aways from me :) Please call texted me before you want to have an Skype session with me Thank-you. Skype name annabelle.peeteetuce3","165lbs - 67","Best Of Both Worlds! Let&#039; Explore EachOther&#039;sPOLES","26","Dec 20, 2015","Tucson, AZ","Caucasian","GuyNextDoor"
"Muscular","Young happy twink ready to hang out with you at events and other things I love Adventures and going out to the movies","135lbs - 54","Pick me up and take me out in a blast to hang with","25","Dec 16, 2015","Tucson, AZ","Mixed","Prestonbankss"
"Gay","Activazo con v i h ,trabajo de todo tipo,21 cm de soberbia dotacin ,cascada de leche asegurada,todo bareback,hago pissing y skatt,me gusta que me carguen en la boca y tragarlo,mecos en el ano","125lbs - 50","Nelson Manzano Parra v i h","21","Jul 15, 07:19","Flint, MI","Caucasian","Teama"
"5","Due to a busy schedule, appointments of two hours or more are preferred. Thank you.","180lbs - 78","Professional companion","38","Apr 29, 19:05","Toronto, Ontario","Latin","IsaacPowers"
"Average","Hey Guys My name is Preston im 23, Very Open minded, Clean, Fun and very out going. Our Massage together can be , Erotic, Sensual. No rush I love what I do and enjoy every second and I assured you will too. I Always bend over backwards to make sure your satisfied... I aim to Please and I Never miss.","190lbs - 85","The BEST of The BEST!","25","Sep 02, 2007","Tucson, AZ","Caucasian","Blakehere"
"Gay","Im a nice shemal looking for generous guy to come get full action with me im very kinky and i can be dominate i love sloopy action and i love to ralk dirty. Call me now 248-747-1329","145lbs - 58","TranzGender","23","Sep 30, 2014","Medford, OR","Latin","JimmyS"
"5","Stats: 22, Dominican Brazilian. 6&#039;2&quot;, 180 pounds, 32&quot;w, Hung thick 8x6 UNcut, lean and muscular. Clean cut, masculine, discreet, friendly, uninhibited. Reliable and uncomplicated. Feel free to contact me if you have any questions.  MASTER  Daddy and son  Love to kiss and I am affectionate.  I can be ruthless.  I can be mild or VERY INTENSE.  AMAZING RIMMER. Hung, always hard, horny, and ready to go deep and fill you up. If you&#039;re looking to have a great time with no attitude and feel comfortable Im your guy. I&#039;m masculine, creative, educated, and well travelled. Passionate in bed. Love kissing and being intimate. Very discreet. Reliable. Available for overnights weekends. Domestic and international travel. Very open minded (into a lot of kinks). While you&#039;re with me my goal is to make it fun, relax and enjoyable for both. Nothing for me is awkward bring your fantasies to me, let&#039;s explore it together. I can consider myself one of the best when it comes to provide an amazing boyfriend experience. Make your booking on time for better chances of meeting up. I&#039;m very organized and reliable. Perfect as travel companion young, funny and matured and able to have an interesting chat. IF YOU SEEK FOR A REAL MAN IN ALL DIFFERENT LEVELS I&#039;M YOUR MAN. I DO NOT DISCRIMINATE BASED ON WEIGHT, ETHNICITY, ETC Serious inquiries only. Compensation is for time only... I GUARANTEE my image to be as accurate as the photos! People say I&#039;m even better looking in person. Whether you&#039;re a first timer, or simply curious, you&#039;ll be completely comfortable with me. IT&#039;S NEVER TOO LATE TO GIVE ME A CALL OR TEXT.","160lbs - 65","Gallery password: cock","23","Nov 30, 2015","Tucson, AZ","Mixed","ModelAron"
"Defined","I&#039;m a nice and fun guy originally from the Midwest. I used to do investment banking, butm ade a switch into my true love of music and theater producing. Also into sports, travel, movies, quiet dinners. Equally comfortable in jeans, a suit or naked. Looking for someone to share life with but I realize that doesn&#039;t happen overnight. so willing to play it as it goes whether friends, dating, casual or serious relationship. Looking for a smart, hot and honest sugar daddy where there is a real connection though.","180lbs - 78","blake here","22","Aug 06, 2015","Caracas, Venezuela","Latin","Enmanuelb"
"Gay","Hey Guys My name is Jimmy im 18 years old. I like to go out doors almost anything, but hunting. Im also gay, im into daddies and muscle guys. Have me come over and we will have a good time.","175lbs - 73","Jimmy Slate","21","Feb 08, 2010","Detroit, MI","Other","UninhibitBEAU"
"5","I am going to be starting college in Phoenix in a couple of months, I have done videos for LatinBoyz.com and have also recently gotten hired for Randy Blue as a model.","115lbs - 46","Outgoing and like to have fun","18","May 16, 2015","Edmonton, Alberta","Caucasian","Skylerdavis"
"Athletic","Latin boy.","120lbs - 48","Twink","20","Apr 01, 17:28","Edmonton, Alberta","Mixed","Tylerjmartyn"
"Bisexual","Huge freak No-Hold-bar. I&#039;m into pretty much Everything! I&#039;ve done it ALL! If you like kinky freaky sessions let&#039;s plan to do that. ~ALL RACE AGE OK.~ Mild to wild Intimate or Dominate. I like to force feed, Pound deep and hard, get your hole gushy and full you My seed. Being worshiped from head to toe and You drinking from my TAP or getting A hot Shower. SIMPLY said I&#039;m Everything you want and need. Role play Master. SEND A DONATION IF YOU LIKE PAYPAL: Eyjai84@gmail.com","145lbs - 58","Uninhibited College Jock.. Fully Equipped","25","Jun 22, 19:57","Tucson, AZ","Latin","Phoenixboy"
"6","My names Skyler here to make sure your happy and you have fun. If I&#039;m what your looking for please text me 587-523-2174","150lbs - 68","Looking to please","25","Dec 29, 2013","Flint, MI","Black","PuertoRicanPapi"
"Average","Tall, thin, toned, bottom, soft spoken good guy. I&#039;m pretty adventurous and into alot. I&#039;m passionate, open minded and good to be around.","135lbs - 54","Hello Gentlemen","25","Apr 23, 02:06","Tucson, AZ","Caucasian","Joshuakane"
"Bisexual","Hey guys :) sexy, young, good looking guy looking to share my talents. Very orally talented, give excellent massages, and overall just a fun guy.","135lbs - 54","Young, talented, Guy :)","18","Jun 09, 01:22","New Orleans, LA","Caucasian","Mattydaggers"
"5","Howdy, just your typical quirky kid. I do things that you&#039;d not always expect from a person like me. I like learning new things and hearing perspectives. We&#039;re all stories in the end, let me hear yours.","140lbs - 56","A perfect blend of guy next door, geeky, and... ;)","18","Oct 24, 2013","Mumbai, India","Caucasian","Honeyboyforfun"
"Muscular","Newly relocated, laid back, southern boy. Looking for casual or personal interactions. Open to discuss our options privately. Let&#039;s talk about you.","200lbs - 90","Let&#039;s see","20","Jul 23, 2011","Kansas City, MO","Latin","MatthewJames"
"Bisexual","I AM WORLD BEST SUCKER AND BODY LICKER SUCKING RIMMING BODY LICKING NUDE BATH GET FUCKED SMOOTH BODY VERSTILE BOTTOM i m a high class escort looking for paid sex . i have sex with people at their high class apartment , 5 star hotels . age is not a barrier. i m looking for safe sex only. interested people can buzz me exotic cute boy here get ready most of the time serving u with a good n high quality service also the best time that u can have with me... cute looks n hot service in bed :) please call or text me for appoinment.. +918080014723 KARAN I am world best in COCK SUCKING AND ASS LICKING, folowed by full body massage to relaxing ur body. GIVE ME A CALL AND BE ASSURED OF AN ABSOLUT FIRST CLASS QUALITY TIME YOU WILL NOT REGRET!!!","130lbs - 52","YOUR SEARCH ENDS HERE .......+918080014723","22","Mar 21, 02:47","Caracas, Venezuela","Mixed","Luisxhard"
"5","Hey guys! My name is Matthew James. I was born and raised in Lawrence, Kansas and currently am traveling the country seeing all that America has to offer. I am adventurous and open minded. When your with me you will feel safe, comfortable, and always be treated like you DESERVE to be. I am muscular, strong, and have lots of power! I am also an amazing kisser and am very sensual. I am HIV Negative and always safe. I look forward to meeting you and sharing our time together. Matthew James","155lbs - 70","Des Moines: (Tues-Thurs)","24","Aug 04, 08:36","Washington, DC","Caucasian","WestTheBest"
"Athletic","Diversin, pasar un buen rato. Escribe, as se responden las interrogantes. Nuevo en esto. Fun, spending good times, so the questions are answered . New on this.","170lbs - 77","Young. Joven","25","Nov 22, 2011","Seattle, WA","Asian","Aronfromseattle"
"Straight","I specialize in bringing your fantasies to reality with the care and passion that you deserve. I am world traveled, cultured, refined, and highly educated. I am available for discreet meetings wherever and whenever your schedule permits. I am also available for companion travel for that getaway of your dreams. So take me out or keep me in, either way, the time is yours to enjoy anyway you want it. Let me take care of the details while you lay back and take it all in. Reviews at http:  www.daddysreviews.com review west_chicago","220lbs - 100","Dreams Do Come True.","24","Jun 19, 2013","Fort Myers, FL","Caucasian","Rafael_lords"
"6","19yro chill and laid back, I&#039;m straight. 200-2k (donations for time only) out call only. Call or text anytime :) pics are real and I have FaceTime or Skype! Please include your name age and a picture of yourself in your message. If you are weird or are seen as wasting my time you WILL be ignored and blocked. looking for someone who can help me become successful and pay for my skin treatment surgery. Willing to stick around as I get aesthetic again! 206 832 6539","160lbs - 65","6&#039;1&quot; 190lbs Blonde Green Eyes Caucasian","19","Mar 06, 06:50","Beirut, Lebanon","Latin","EricPERFECT"
"Muscular","Hi my name is Rafael Lords and you might seen me in some adult sites :)..... I am a porn actor. This is a new page since my last one got deleted after it got hacked.. If you had met me before please leave me a nice rating and comments ...... ABOUT ME : Born in La Havana , Cuba . 25 ARIES and full of energy. I love going to the gym and taking care of myself. Dancing its a big part of my life. Entertaining other people makes me happy. If you are looking for someone fun to make you forget your problems give me a call and ill make sure you get relieved from all type of stress! If im online that means im available. I love doing overnigths and weekends. I like to get to know my clients. Im very respectful and please you be too. If you have any other questions just email me , call me or text. anytime !! :)","175lbs - 79","BOYFRIEND EXPERIENCE!!!","29","May 20, 2009","Tucson, AZ","Black","FunOneForYou"
"Gay","I&#039;m Sexy top with a thick cut dick and know how to use it. str8 looking, masculine, handsome, discreet, nice guy, great smile. when we meet, you&#039;ll realize that I have a lot more to offer than what you see in these pictures. whatsapp me+79632476130","190lbs - 85","looking for daddy","19","Dec 25, 2015","Edmonton, Alberta","Caucasian","BoyForDaddy"
"6","I am very discrete and guarantee a great time. I take my job seriously and want to please you. I am into what you are into. My goal is to satisfy you. I have open availability.","140lbs - 56","Great Guy 4 You","25","Jun 24, 22:32","Tucson, AZ","Latin","Hugomilanoaz"
"Muscular","Hi, thanks for checking me out. I&#039;m 28yo, 6&#039;0,180lbs, masculine, in shape, brown blue, clean shaven, trimmed body hair, 8cut,big balls,tight smooth ass. I&#039;m caring, easy going, down to earth, open minded, totally versatile top bottom, clean, discrete, drug and disease free. I offer full escort service, aswell as erotic full body massage with oils. I am available for outcalls only and can travel anywhere in Edmonton and surrounding areas. Contact me by text for booking at 780-819-2767 or by email. Discretion Assured","190lbs - 85","Professional Service-Escort Erotic Massage","24","May 23, 2014","Atlantic city, NJ","Mediterranean","NJDISCREETBTTM"
"Bisexual","hey everybody enjoy a fantastic experience with me and the guys reserve a reservation on my website or call or text me for an appointment","170lbs - 70","porn star Hugo Milana hosting in Tucson","40","Jun 21, 2014","Tucson, AZ","Caucasian","Kayyy"
"6","http:  bangingfrankiel.webs.com  Thank you for taking the time out to visit Frankie L&#039;s page, he is currently available for in house services (In-Calls) Frankie gets into everything from mild-to-hardcore sexual sessions however if you are just looking to relax and receive a nice erotic body rub Frankie will ensure to help relieve all of your tension both physically, mentally and seductively. Frankie L possess 6+yrs of experience with both erotic and non-erotic body rubs and over 11 years of experience providing 100% client satisfaction; Frankie L enjoys mentally and physically fulfilling all of his clients needs and requirements, Hus services include and are not limited to BONDAGE, STRIPPING, SUCKING, RECEIVING and or GIVING, GROUP FUN, THREESOME, VERBAL, LEATHER ETC. Frankie L is guaranteed to satisfy all of your needs. He is also 420 friendly.","180lbs - 78","Discreet Freak","28","Nov 15, 2015","Kansas City, MO","Caucasian","DEANHUNTER"
"Athletic","Confident and open minded. Here to fulfill your fantasy","185lbs - 80","Here for your entertainment","22","Aug 13, 2013","Kansas City, MO","Latin","KcfunBoy"
"Gay","  TAKING APPOINTMENTS NOW KANSAS CITY 7 4-6, OMAHA 7 6-8, DSM 7 8-10   Down to earth, fun loving, country boy with a southern twang. Masculine, dominant, athletic, (guy next door). Services include full body erotic massage to escort services such as a date, dinner, movie, business meetings, travel partner, ect... Let go, let it flow, let&#039;s see where we might go! 4 hands available also. You may view my other ad and private pic gallery there! Men, women and couples are welcomed. Professionalism, respect, and discretion are guaranteed. I have 30, 60, 90 minute, and multi-hour sessions available. 4 hands available with DominicForU. Donations are for time spent together only. Qualified, Professional, Safe, Clean! I am judge free and do not discriminate on any basis including age, weight, race, color, ect... Clean and DDF free. Discounts may be available for an individual depending on the situation   circumstances, but you must call me first. Phone calls or texts only. (No private calls). CALL ME TODAY and let&#039;s get together!","145lbs - 58","KANSAS CITY NOW!, OMAHA 7 6-8, DES MOINES 7 8-10","26","May 05, 2014","Flint, MI","Other","Calvinvinny"
"5","well traveled guy here, open to anything, Otter defiantly not a twink, furry chest and legs","170lbs - 70","chill relax guy","24","May 25, 08:55","Caracas, Venezuela","Latin","Luira"
"Athletic","Masculine very attractive male at your service Down to Earth Great listener Provides: Deep Tissue Stimulating Pleasure of Experience Full Body - Nude, Dominant ROLE Play Available for Same Day Appointments Also Personal Travel Companion (Inquire) Allow me to take care of you! I&#039;m Generous with Service be Generous with me any additional special request are extra ONLY SERIOUS INQUIRIES","170lbs - 70","Local and Distance","35","Jan 05, 2015","Tucson, AZ","Caucasian","Noelj"
"Bisexual","Hola somos Luis y Raimer de 30 y 27 aos de edad. Pareja atractiva, jovenes, educados, atentos, serios, discretos, profesionales. Disponibles para la compaia, viajes, sexo, sexo intenso duro, Activo   Pasivo   masaje   corridas, sexo en vivo, entre otros y Tambien desplazamos. Todas las edades +18, Bicuriosidad y principiantes seran bienvenidos. Te ofreceremos nada menos que el mejor servicio de calidad. Ponte en contacto con nosotros ahora y hacer una cita. Gracias!","140lbs - 56","Luira 2hotguys!!!","30","Apr 10, 08:51","Tucson, AZ","Caucasian","Tucsontony"
"5","send me a message and tell me what you like ;)","140lbs - 56","lets chat","20","Feb 28, 19:42","New Orleans, LA","Black","AriEscobar"
"Muscular","Looking for a fun and hot guy to have some fun with  Look no further. With magic hands and an open mind I&#039;m eager to show you the most amazing time possible. I want to you know that you come first and that your time with me is not rushed or wasted. So email me Call me Text me I can show you some fun one on one  limited time ask about four hand fun as well ;)","150lbs - 60","Tucson black boy","27","Sep 02, 2015","Edmonton, Alberta","Latin","Daniella"
"Ask me","I&#039;m kinda looking to try new things to earn a living. I&#039;m holding that this is a good choice. I&#039;m cute young soft and I hope someone requires me and my abilities. I&#039;m strictly a bottom. I still have yet to get pounded by a real man ;) I hope to hear from you soon","130lbs - 52","I&#039;m 21 shaved soft and will dress as you wish","24","Jan 17, 05:11","Kansas City, MO","Mixed","RyanSteel"
"6","Hey guys, It&#039;s Ryan. I&#039;m lean and athletic with baby soft skin and a smile that will make you melt. I&#039;m excited to share my time with you and will treat you as you deserve to be treated. Rest assured when your with me you will feel relaxed, safe, and comfortable. I am very sexual and open-minded with an 8&quot; package. From mild to wild I guarantee we will have a blast. To set up a time to meet, call or text anytime at 323-374-5111. I look forward to hearing from you. Ryan Steel","180lbs - 78","Ryan Steel -- Back in Kansas City","23","Apr 26, 20:07","San Francisco, CA","Mixed","Marcos"
"Muscular","Would like to be your top companion can be vers for the right guy . Very dominant and get into most things ....","145lbs - 65","TOP DUDE IN SF","29","Feb 17, 00:24","Flint, MI","Latin","Naughtynick"
"Bisexual","I&#039;m a naughty college boy in Mount Pleasant. I love what I do, and I do it very well. I promise to make your time worth while! A true boy next door...with a dirty side!","220lbs - 100","Naughty College Boy!","21","Dec 27, 2015","Tucson, AZ","Caucasian","Whitepipes"
"5","Im a 25 year old college athlete looking to make someone fantasies come true.. relax and be loved like no one else has ever loved your body open to just about anything..","180lbs - 78","Nothing is akward with me just fun.","25","May 03, 05:55"," ","Caucasian"," "
"Defined"," ","180lbs - 78"," ","33","Jul 03, 2015"," ","Latin"," "
"Ask me"," ","145lbs - 58"," ","20","Apr 15, 2008"," ","Caucasian"," "
"5"," ","185lbs - 80"," ","25","Nov 22, 2015"," ","Caucasian"," "
"Muscular"," "," "," "," "," "," "," "," "
"Bisexual"," "," "," "," "," "," "," "," "
"5"," "," "," "," "," "," "," "," "
"Athletic"," "," "," "," "," "," "," "," "
"Straight"," "," "," "," "," "," "," "," "
"6"," "," "," "," "," "," "," "," "
"Athletic"," "," "," "," "," "," "," "," "
"Ask me"," "," "," "," "," "," "," "," "
"6"," "," "," "," "," "," "," "," "
"Athletic"," "," "," "," "," "," "," "," "
"Bisexual"," "," "," "," "," "," "," "," "
"5"," "," "," "," "," "," "," "," "
"Average"," "," "," "," "," "," "," "," "
"Gay"," "," "," "," "," "," "," "," "
"5"," "," "," "," "," "," "," "," "
"Muscular"," "," "," "," "," "," "," "," "
"Gay"," "," "," "," "," "," "," "," "
"5"," "," "," "," "," "," "," "," "
"Average"," "," "," "," "," "," "," "," "
"Gay"," "," "," "," "," "," "," "," "
"5"," "," "," "," "," "," "," "," "
"Average"," "," "," "," "," "," "," "," "
"Gay"," "," "," "," "," "," "," "," "
"5"," "," "," "," "," "," "," "," "
"Muscular"," "," "," "," "," "," "," "," "
"Gay"," "," "," "," "," "," "," "," "
"5"," "," "," "," "," "," "," "," "
"Average"," "," "," "," "," "," "," "," "
"Gay"," "," "," "," "," "," "," "," "
"6"," "," "," "," "," "," "," "," "
"Athletic"," "," "," "," "," "," "," "," "
"Ask me"," "," "," "," "," "," "," "," "
"6"," "," "," "," "," "," "," "," "
"Average"," "," "," "," "," "," "," "," "
"Gay"," "," "," "," "," "," "," "," "
"5"," "," "," "," "," "," "," "," "
"Average"," "," "," "," "," "," "," "," "
"Bisexual"," "," "," "," "," "," "," "," "
"5"," "," "," "," "," "," "," "," "
"Athletic"," "," "," "," "," "," "," "," "
"Gay"," "," "," "," "," "," "," "," "
"6"," "," "," "," "," "," "," "," "
"Athletic"," "," "," "," "," "," "," "," "
"Straight"," "," "," "," "," "," "," "," "
"5"," "," "," "," "," "," "," "," "
"Average"," "," "," "," "," "," "," "," "
"Gay"," "," "," "," "," "," "," "," "
"5"," "," "," "," "," "," "," "," "
"Average"," "," "," "," "," "," "," "," "
"Ask me"," "," "," "," "," "," "," "," "
"6"," "," "," "," "," "," "," "," "
"Athletic"," "," "," "," "," "," "," "," "
"Gay"," "," "," "," "," "," "," "," "
"6"," "," "," "," "," "," "," "," "
"Athletic"," "," "," "," "," "," "," "," "
"Ask me"," "," "," "," "," "," "," "," "
"5"," "," "," "," "," "," "," "," "
"Average"," "," "," "," "," "," "," "," "
"Bisexual"," "," "," "," "," "," "," "," "
"6"," "," "," "," "," "," "," "," "
"Athletic"," "," "," "," "," "," "," "," "
"Gay"," "," "," "," "," "," "," "," "
"5"," "," "," "," "," "," "," "," "
"Athletic"," "," "," "," "," "," "," "," "
"Gay"," "," "," "," "," "," "," "," "
"6"," "," "," "," "," "," "," "," "
"Average"," "," "," "," "," "," "," "," "
"Gay"," "," "," "," "," "," "," "," "
"6"," "," "," "," "," "," "," "," "
"Defined"," "," "," "," "," "," "," "," "
"Ask me"," "," "," "," "," "," "," "," "
"5"," "," "," "," "," "," "," "," "
"Defined"," "," "," "," "," "," "," "," "
"Gay"," "," "," "," "," "," "," "," "
"5"," "," "," "," "," "," "," "," "
"Athletic"," "," "," "," "," "," "," "," "
"Transsexual"," "," "," "," "," "," "," "," "
"6"," "," "," "," "," "," "," "," "
"Athletic"," "," "," "," "," "," "," "," "
"Ask me"," "," "," "," "," "," "," "," "
"6"," "," "," "," "," "," "," "," "
"Muscular"," "," "," "," "," "," "," "," "
"Gay"," "," "," "," "," "," "," "," "
"6"," "," "," "," "," "," "," "," "
"Athletic"," "," "," "," "," "," "," "," "
"Ask me"," "," "," "," "," "," "," "," "
"5"," "," "," "," "," "," "," "," "
"Athletic"," "," "," "," "," "," "," "," "
"Gay"," "," "," "," "," "," "," "," "
"5"," "," "," "," "," "," "," "," "
"Average"," "," "," "," "," "," "," "," "
"Transsexual"," "," "," "," "," "," "," "," "
"6"," "," "," "," "," "," "," "," "
"Muscular"," "," "," "," "," "," "," "," "
"Bisexual"," "," "," "," "," "," "," "," "
"5"," "," "," "," "," "," "," "," "
"Muscular"," "," "," "," "," "," "," "," "
"Ask me"," "," "," "," "," "," "," "," "
"5"," "," "," "," "," "," "," "," "
"Athletic"," "," "," "," "," "," "," "," "
"Gay"," "," "," "," "," "," "," "," "
"5"," "," "," "," "," "," "," "," "
"Average"," "," "," "," "," "," "," "," "
"Bisexual"," "," "," "," "," "," "," "," "
"5"," "," "," "," "," "," "," "," "
"Defined"," "," "," "," "," "," "," "," "
"Gay"," "," "," "," "," "," "," "," "
"5"," "," "," "," "," "," "," "," "
"Athletic"," "," "," "," "," "," "," "," "
"Bisexual"," "," "," "," "," "," "," "," "
"5"," "," "," "," "," "," "," "," "
"Athletic"," "," "," "," "," "," "," "," "
"Bisexual"," "," "," "," "," "," "," "," "
"5"," "," "," "," "," "," "," "," "
"Defined"," "," "," "," "," "," "," "," "
"Gay"," "," "," "," "," "," "," "," "
"6"," "," "," "," "," "," "," "," "
"Athletic"," "," "," "," "," "," "," "," "
"Gay"," "," "," "," "," "," "," "," "
"6"," "," "," "," "," "," "," "," "
"Muscular"," "," "," "," "," "," "," "," "
"Ask me"," "," "," "," "," "," "," "," "
"5"," "," "," "," "," "," "," "," "
"Defined"," "," "," "," "," "," "," "," "
"Bisexual"," "," "," "," "," "," "," "," "
"6"," "," "," "," "," "," "," "," "
"Defined"," "," "," "," "," "," "," "," "
"Gay"," "," "," "," "," "," "," "," "
"5"," "," "," "," "," "," "," "," "
"Athletic"," "," "," "," "," "," "," "," "
"Gay"," "," "," "," "," "," "," "," "
"6"," "," "," "," "," "," "," "," "
"Muscular"," "," "," "," "," "," "," "," "
"Ask me"," "," "," "," "," "," "," "," "
"5"," "," "," "," "," "," "," "," "
"Athletic"," "," "," "," "," "," "," "," "
"Bisexual"," "," "," "," "," "," "," "," "
"5"," "," "," "," "," "," "," "," "
"Athletic"," "," "," "," "," "," "," "," "
"Bisexual"," "," "," "," "," "," "," "," "
"6"," "," "," "," "," "," "," "," "
"Muscular"," "," "," "," "," "," "," "," "
"Straight"," "," "," "," "," "," "," "," "
"5"," "," "," "," "," "," "," "," "
"Muscular"," "," "," "," "," "," "," "," "
"Gay"," "," "," "," "," "," "," "," "
"5"," "," "," "," "," "," "," "," "
"Muscular"," "," "," "," "," "," "," "," "
"Bisexual"," "," "," "," "," "," "," "," "
"5"," "," "," "," "," "," "," "," "
"Average"," "," "," "," "," "," "," "," "
"Gay"," "," "," "," "," "," "," "," "
"6"," "," "," "," "," "," "," "," "
"Athletic"," "," "," "," "," "," "," "," "
"Gay"," "," "," "," "," "," "," "," "
"5"," "," "," "," "," "," "," "," "
"Muscular"," "," "," "," "," "," "," "," "
"Ask me"," "," "," "," "," "," "," "," "
"5"," "," "," "," "," "," "," "," "
"Average"," "," "," "," "," "," "," "," "
"Gay"," "," "," "," "," "," "," "," "
"5"," "," "," "," "," "," "," "," "
"Defined"," "," "," "," "," "," "," "," "
"Bisexual"," "," "," "," "," "," "," "," "
"5"," "," "," "," "," "," "," "," "
"Muscular"," "," "," "," "," "," "," "," "
"Bisexual"," "," "," "," "," "," "," "," "
"5"," "," "," "," "," "," "," "," "
"Athletic"," "," "," "," "," "," "," "," "
"Gay"," "," "," "," "," "," "," "," "
"5"," "," "," "," "," "," "," "," "
"Defined"," "," "," "," "," "," "," "," "
"Bisexual"," "," "," "," "," "," "," "," "
"5"," "," "," "," "," "," "," "," "
"Athletic"," "," "," "," "," "," "," "," "
"Gay"," "," "," "," "," "," "," "," "
"5"," "," "," "," "," "," "," "," "
"Athletic"," "," "," "," "," "," "," "," "
"Gay"," "," "," "," "," "," "," "," "
"6"," "," "," "," "," "," "," "," "
"Athletic"," "," "," "," "," "," "," "," "
"Bisexual"," "," "," "," "," "," "," "," "
"5"," "," "," "," "," "," "," "," "
"Athletic"," "," "," "," "," "," "," "," "
"Bisexual"," "," "," "," "," "," "," "," "
"5"," "," "," "," "," "," "," "," "
"Average"," "," "," "," "," "," "," "," "
"Bisexual"," "," "," "," "," "," "," "," "
"6"," "," "," "," "," "," "," "," "
"Athletic"," "," "," "," "," "," "," "," "
"Gay"," "," "," "," "," "," "," "," "
"5"," "," "," "," "," "," "," "," "
"Athletic"," "," "," "," "," "," "," "," "
"Ask me"," "," "," "," "," "," "," "," "
"5"," "," "," "," "," "," "," "," "
"Athletic"," "," "," "," "," "," "," "," "
"Ask me"," "," "," "," "," "," "," "," "
"6"," "," "," "," "," "," "," "," "
"Athletic"," "," "," "," "," "," "," "," "
"Straight"," "," "," "," "," "," "," "," "
